Workbook

Sheet BOLÃO - PALPITES
A1: QUINTA | B1: 0.66666667 | C1: 0.95833333 | H1: SEXTA | I1: 0.66666667 | J1: 0.91666667 | O1: SÁBADO | P1: 0.66666667 | Q1: 0.79166667 | R1: 0.91666667 | S1: 0.041666667 | V1: DOMINGO | W1: 0.58333333 | X1: 0.70833333 | Y1: 0.83333333 | Z1: 0.95833333 | AC1: SEGUNDA | AD1: 0.54166667 | AE1: 0.66666667 | AF1: 0.79166667 | AG1: 0.91666667
A2: DIA 1 - 11/06 | B2: MÉX x AFS | C2: COR x TCH | D2: TOTAL | E2: Meus palpites (Nicolas) | H2: DIA 2 - 12/6 | I2: CAN x BOS | J2: EUA x PAR | K2: TOTAL | L2: Meus palpites (Nicolas) | O2: DIA 3 - 13/06 | P2: CAT x SUI | Q2: BRA x MAR | R2: HAI x ESC | S2: AUS x TUR | T2: TOTAL | V2: DIA 4 - 14/06 | W2: ALE x CUR | X2: HOL x JAP | Y2: COM x EQU | Z2: SUE x TUN | AA2: TOTAL | AC2: DIA 5 - 15/06 | AD2: ESP x CAB | AE2: BEL x EGI | AF2: ARA x URU | AG2: IRÃ x NZL | AH2: TOTAL
A3: Alisson Garcia | B3: 3x0 | C3: 1x2 | D3: =IF(COUNTA(B3:C3)=0,"",SUM(IF(OR(B3="",B$25=""),0,IF(B3=B$25,5,IFERROR(IF(SIGN(VALUE(LEFT(B3,FIND("x",B3)-1))-VALUE(MID(B3,FIND("x",B3)+1,99)))=SIGN(VALUE(LEFT(B$25,FIND("x",B$25)-1))-VALUE(MID(B$25,FIND("x",B$25)+1,99))),IF(VALUE(LEFT(B$25,FIND("x",B$25)-1))=VALUE(MID(B$25,FIND("x",B$25)+1,99)),1,2),0),0))),IF(OR(C3="",C$25=""),0,IF(C3=C$25,5,IFERROR(IF(SIGN(VALUE(LEFT(C3,FIND("x",C3)-1))-VALUE(MID(C3,FIND("x",C3)+1,99)))=SIGN(VALUE(LEFT(C$25,FIND("x",C$25)-1))-VALUE(MID(C$25,FIND("x",C$25)+1,99))),IF(VALUE(LEFT(C$25,FIND("x",C$25)-1))=VALUE(MID(C$25,FIND("x",C$25)+1,99)),1,2),0),0))))&" ("&SUM(IF(AND(B3<>"",B3=B$25),1,0),IF(AND(C3<>"",C3=C$25),1,0))&")") -> 2 (0) | E3: 16:00 México x África do Sul | H3: Alisson Garcia | I3: 2x1 | J3: 1x1 | K3: =IF(COUNTA(I3:J3)=0,"",SUM(IF(OR(I3="",I$25=""),0,IF(I3=I$25,5,IFERROR(IF(SIGN(VALUE(LEFT(I3,FIND("x",I3)-1))-VALUE(MID(I3,FIND("x",I3)+1,99)))=SIGN(VALUE(LEFT(I$25,FIND("x",I$25)-1))-VALUE(MID(I$25,FIND("x",I$25)+1,99))),IF(VALUE(LEFT(I$25,FIND("x",I$25)-1))=VALUE(MID(I$25,FIND("x",I$25)+1,99)),1,2),0),0))),IF(OR(J3="",J$25=""),0,IF(J3=J$25,5,IFERROR(IF(SIGN(VALUE(LEFT(J3,FIND("x",J3)-1))-VALUE(MID(J3,FIND("x",J3)+1,99)))=SIGN(VALUE(LEFT(J$25,FIND("x",J$25)-1))-VALUE(MID(J$25,FIND("x",J$25)+1,99))),IF(VALUE(LEFT(J$25,FIND("x",J$25)-1))=VALUE(MID(J$25,FIND("x",J$25)+1,99)),1,2),0),0))))&" ("&SUM(IF(AND(I3<>"",I3=I$25),1,0),IF(AND(J3<>"",J3=J$25),1,0))&")") -> 0 (0) | L3: 16:00 Canadá x Bósnia | O3: Alisson Garcia | P3: 0x4 | Q3: 3x1 | R3: 1x2 | S3: 0x3 | T3: =IF(COUNTA(P3:S3)=0,"",SUM(IF(OR(P3="",P$25=""),0,IF(P3=P$25,5,IFERROR(IF(SIGN(VALUE(LEFT(P3,FIND("x",P3)-1))-VALUE(MID(P3,FIND("x",P3)+1,99)))=SIGN(VALUE(LEFT(P$25,FIND("x",P$25)-1))-VALUE(MID(P$25,FIND("x",P$25)+1,99))),IF(VALUE(LEFT(P$25,FIND("x",P$25)-1))=VALUE(MID(P$25,FIND("x",P$25)+1,99)),1,2),0),0))),IF(OR(Q3="",Q$25=""),0,IF(Q3=Q$25,5,IFERROR(IF(SIGN(VALUE(LEFT(Q3,FIND("x",Q3)-1))-VALUE(MID(Q3,FIND("x",Q3)+1,99)))=SIGN(VALUE(LEFT(Q$25,FIND("x",Q$25)-1))-VALUE(MID(Q$25,FIND("x",Q$25)+1,99))),IF(VALUE(LEFT(Q$25,FIND("x",Q$25)-1))=VALUE(MID(Q$25,FIND("x",Q$25)+1,99)),1,2),0),0))),IF(OR(R3="",R$25=""),0,IF(R3=R$25,5,IFERROR(IF(SIGN(VALUE(LEFT(R3,FIND("x",R3)-1))-VALUE(MID(R3,FIND("x",R3)+1,99)))=SIGN(VALUE(LEFT(R$25,FIND("x",R$25)-1))-VALUE(MID(R$25,FIND("x",R$25)+1,99))),IF(VALUE(LEFT(R$25,FIND("x",R$25)-1))=VALUE(MID(R$25,FIND("x",R$25)+1,99)),1,2),0),0))),IF(OR(S3="",S$25=""),0,IF(S3=S$25,5,IFERROR(IF(SIGN(VALUE(LEFT(S3,FIND("x",S3)-1))-VALUE(MID(S3,FIND("x",S3)+1,99)))=SIGN(VALUE(LEFT(S$25,FIND("x",S$25)-1))-VALUE(MID(S$25,FIND("x",S$25)+1,99))),IF(VALUE(LEFT(S$25,FIND("x",S$25)-1))=VALUE(MID(S$25,FIND("x",S$25)+1,99)),1,2),0),0))))&" ("&SUM(IF(AND(P3<>"",P3=P$25),1,0),IF(AND(Q3<>"",Q3=Q$25),1,0),IF(AND(R3<>"",R3=R$25),1,0),IF(AND(S3<>"",S3=S$25),1,0))&")") -> 2 (0) | V3: Alisson Garcia | AA3: =IF(COUNTA(W3:Z3)=0,"",SUM(IF(OR(W3="",W$25=""),0,IF(W3=W$25,5,IFERROR(IF(SIGN(VALUE(LEFT(W3,FIND("x",W3)-1))-VALUE(MID(W3,FIND("x",W3)+1,99)))=SIGN(VALUE(LEFT(W$25,FIND("x",W$25)-1))-VALUE(MID(W$25,FIND("x",W$25)+1,99))),IF(VALUE(LEFT(W$25,FIND("x",W$25)-1))=VALUE(MID(W$25,FIND("x",W$25)+1,99)),1,2),0),0))),IF(OR(X3="",X$25=""),0,IF(X3=X$25,5,IFERROR(IF(SIGN(VALUE(LEFT(X3,FIND("x",X3)-1))-VALUE(MID(X3,FIND("x",X3)+1,99)))=SIGN(VALUE(LEFT(X$25,FIND("x",X$25)-1))-VALUE(MID(X$25,FIND("x",X$25)+1,99))),IF(VALUE(LEFT(X$25,FIND("x",X$25)-1))=VALUE(MID(X$25,FIND("x",X$25)+1,99)),1,2),0),0))),IF(OR(Y3="",Y$25=""),0,IF(Y3=Y$25,5,IFERROR(IF(SIGN(VALUE(LEFT(Y3,FIND("x",Y3)-1))-VALUE(MID(Y3,FIND("x",Y3)+1,99)))=SIGN(VALUE(LEFT(Y$25,FIND("x",Y$25)-1))-VALUE(MID(Y$25,FIND("x",Y$25)+1,99))),IF(VALUE(LEFT(Y$25,FIND("x",Y$25)-1))=VALUE(MID(Y$25,FIND("x",Y$25)+1,99)),1,2),0),0))),IF(OR(Z3="",Z$25=""),0,IF(Z3=Z$25,5,IFERROR(IF(SIGN(VALUE(LEFT(Z3,FIND("x",Z3)-1))-VALUE(MID(Z3,FIND("x",Z3)+1,99)))=SIGN(VALUE(LEFT(Z$25,FIND("x",Z$25)-1))-VALUE(MID(Z$25,FIND("x",Z$25)+1,99))),IF(VALUE(LEFT(Z$25,FIND("x",Z$25)-1))=VALUE(MID(Z$25,FIND("x",Z$25)+1,99)),1,2),0),0))))&" ("&SUM(IF(AND(W3<>"",W3=W$25),1,0),IF(AND(X3<>"",X3=X$25),1,0),IF(AND(Y3<>"",Y3=Y$25),1,0),IF(AND(Z3<>"",Z3=Z$25),1,0))&")") | AC3: Brenno | AH3: =IF(COUNTA(AD3:AG3)=0,"",SUM(IF(OR(AD3="",AD$14=""),0,IF(AD3=AD$14,5,IFERROR(IF(SIGN(VALUE(LEFT(AD3,FIND("x",AD3)-1))-VALUE(MID(AD3,FIND("x",AD3)+1,99)))=SIGN(VALUE(LEFT(AD$14,FIND("x",AD$14)-1))-VALUE(MID(AD$14,FIND("x",AD$14)+1,99))),IF(VALUE(LEFT(AD$14,FIND("x",AD$14)-1))=VALUE(MID(AD$14,FIND("x",AD$14)+1,99)),1,2),0),0))),IF(OR(AE3="",AE$14=""),0,IF(AE3=AE$14,5,IFERROR(IF(SIGN(VALUE(LEFT(AE3,FIND("x",AE3)-1))-VALUE(MID(AE3,FIND("x",AE3)+1,99)))=SIGN(VALUE(LEFT(AE$14,FIND("x",AE$14)-1))-VALUE(MID(AE$14,FIND("x",AE$14)+1,99))),IF(VALUE(LEFT(AE$14,FIND("x",AE$14)-1))=VALUE(MID(AE$14,FIND("x",AE$14)+1,99)),1,2),0),0))),IF(OR(AF3="",AF$14=""),0,IF(AF3=AF$14,5,IFERROR(IF(SIGN(VALUE(LEFT(AF3,FIND("x",AF3)-1))-VALUE(MID(AF3,FIND("x",AF3)+1,99)))=SIGN(VALUE(LEFT(AF$14,FIND("x",AF$14)-1))-VALUE(MID(AF$14,FIND("x",AF$14)+1,99))),IF(VALUE(LEFT(AF$14,FIND("x",AF$14)-1))=VALUE(MID(AF$14,FIND("x",AF$14)+1,99)),1,2),0),0))),IF(OR(AG3="",AG$14=""),0,IF(AG3=AG$14,5,IFERROR(IF(SIGN(VALUE(LEFT(AG3,FIND("x",AG3)-1))-VALUE(MID(AG3,FIND("x",AG3)+1,99)))=SIGN(VALUE(LEFT(AG$14,FIND("x",AG$14)-1))-VALUE(MID(AG$14,FIND("x",AG$14)+1,99))),IF(VALUE(LEFT(AG$14,FIND("x",AG$14)-1))=VALUE(MID(AG$14,FIND("x",AG$14)+1,99)),1,2),0),0))))&" ("&SUM(IF(AND(AD3<>"",AD3=AD$14),1,0),IF(AND(AE3<>"",AE3=AE$14),1,0),IF(AND(AF3<>"",AF3=AF$14),1,0),IF(AND(AG3<>"",AG3=AG$14),1,0))&")")
A4: Bianca Leite | B4: 2x1 | C4: 1x0 | D4: =IF(COUNTA(B4:C4)=0,"",SUM(IF(OR(B4="",B$25=""),0,IF(B4=B$25,5,IFERROR(IF(SIGN(VALUE(LEFT(B4,FIND("x",B4)-1))-VALUE(MID(B4,FIND("x",B4)+1,99)))=SIGN(VALUE(LEFT(B$25,FIND("x",B$25)-1))-VALUE(MID(B$25,FIND("x",B$25)+1,99))),IF(VALUE(LEFT(B$25,FIND("x",B$25)-1))=VALUE(MID(B$25,FIND("x",B$25)+1,99)),1,2),0),0))),IF(OR(C4="",C$25=""),0,IF(C4=C$25,5,IFERROR(IF(SIGN(VALUE(LEFT(C4,FIND("x",C4)-1))-VALUE(MID(C4,FIND("x",C4)+1,99)))=SIGN(VALUE(LEFT(C$25,FIND("x",C$25)-1))-VALUE(MID(C$25,FIND("x",C$25)+1,99))),IF(VALUE(LEFT(C$25,FIND("x",C$25)-1))=VALUE(MID(C$25,FIND("x",C$25)+1,99)),1,2),0),0))))&" ("&SUM(IF(AND(B4<>"",B4=B$25),1,0),IF(AND(C4<>"",C4=C$25),1,0))&")") -> 4 (0) | E4: 23:00 Coréia do Sul x Tchéquia | H4: Bianca Leite | I4: 1x0 | J4: 1x2 | K4: =IF(COUNTA(I4:J4)=0,"",SUM(IF(OR(I4="",I$25=""),0,IF(I4=I$25,5,IFERROR(IF(SIGN(VALUE(LEFT(I4,FIND("x",I4)-1))-VALUE(MID(I4,FIND("x",I4)+1,99)))=SIGN(VALUE(LEFT(I$25,FIND("x",I$25)-1))-VALUE(MID(I$25,FIND("x",I$25)+1,99))),IF(VALUE(LEFT(I$25,FIND("x",I$25)-1))=VALUE(MID(I$25,FIND("x",I$25)+1,99)),1,2),0),0))),IF(OR(J4="",J$25=""),0,IF(J4=J$25,5,IFERROR(IF(SIGN(VALUE(LEFT(J4,FIND("x",J4)-1))-VALUE(MID(J4,FIND("x",J4)+1,99)))=SIGN(VALUE(LEFT(J$25,FIND("x",J$25)-1))-VALUE(MID(J$25,FIND("x",J$25)+1,99))),IF(VALUE(LEFT(J$25,FIND("x",J$25)-1))=VALUE(MID(J$25,FIND("x",J$25)+1,99)),1,2),0),0))))&" ("&SUM(IF(AND(I4<>"",I4=I$25),1,0),IF(AND(J4<>"",J4=J$25),1,0))&")") -> 0 (0) | L4: 22:00 Estados Unidos x Paraguai | O4: Bianca Leite | P4: 0x3 | Q4: 3x2 | R4: 1x3 | S4: 2x1 | T4: =IF(COUNTA(P4:S4)=0,"",SUM(IF(OR(P4="",P$25=""),0,IF(P4=P$25,5,IFERROR(IF(SIGN(VALUE(LEFT(P4,FIND("x",P4)-1))-VALUE(MID(P4,FIND("x",P4)+1,99)))=SIGN(VALUE(LEFT(P$25,FIND("x",P$25)-1))-VALUE(MID(P$25,FIND("x",P$25)+1,99))),IF(VALUE(LEFT(P$25,FIND("x",P$25)-1))=VALUE(MID(P$25,FIND("x",P$25)+1,99)),1,2),0),0))),IF(OR(Q4="",Q$25=""),0,IF(Q4=Q$25,5,IFERROR(IF(SIGN(VALUE(LEFT(Q4,FIND("x",Q4)-1))-VALUE(MID(Q4,FIND("x",Q4)+1,99)))=SIGN(VALUE(LEFT(Q$25,FIND("x",Q$25)-1))-VALUE(MID(Q$25,FIND("x",Q$25)+1,99))),IF(VALUE(LEFT(Q$25,FIND("x",Q$25)-1))=VALUE(MID(Q$25,FIND("x",Q$25)+1,99)),1,2),0),0))),IF(OR(R4="",R$25=""),0,IF(R4=R$25,5,IFERROR(IF(SIGN(VALUE(LEFT(R4,FIND("x",R4)-1))-VALUE(MID(R4,FIND("x",R4)+1,99)))=SIGN(VALUE(LEFT(R$25,FIND("x",R$25)-1))-VALUE(MID(R$25,FIND("x",R$25)+1,99))),IF(VALUE(LEFT(R$25,FIND("x",R$25)-1))=VALUE(MID(R$25,FIND("x",R$25)+1,99)),1,2),0),0))),IF(OR(S4="",S$25=""),0,IF(S4=S$25,5,IFERROR(IF(SIGN(VALUE(LEFT(S4,FIND("x",S4)-1))-VALUE(MID(S4,FIND("x",S4)+1,99)))=SIGN(VALUE(LEFT(S$25,FIND("x",S$25)-1))-VALUE(MID(S$25,FIND("x",S$25)+1,99))),IF(VALUE(LEFT(S$25,FIND("x",S$25)-1))=VALUE(MID(S$25,FIND("x",S$25)+1,99)),1,2),0),0))))&" ("&SUM(IF(AND(P4<>"",P4=P$25),1,0),IF(AND(Q4<>"",Q4=Q$25),1,0),IF(AND(R4<>"",R4=R$25),1,0),IF(AND(S4<>"",S4=S$25),1,0))&")") -> 4 (0) | V4: Bianca Leite | AA4: =IF(COUNTA(W4:Z4)=0,"",SUM(IF(OR(W4="",W$25=""),0,IF(W4=W$25,5,IFERROR(IF(SIGN(VALUE(LEFT(W4,FIND("x",W4)-1))-VALUE(MID(W4,FIND("x",W4)+1,99)))=SIGN(VALUE(LEFT(W$25,FIND("x",W$25)-1))-VALUE(MID(W$25,FIND("x",W$25)+1,99))),IF(VALUE(LEFT(W$25,FIND("x",W$25)-1))=VALUE(MID(W$25,FIND("x",W$25)+1,99)),1,2),0),0))),IF(OR(X4="",X$25=""),0,IF(X4=X$25,5,IFERROR(IF(SIGN(VALUE(LEFT(X4,FIND("x",X4)-1))-VALUE(MID(X4,FIND("x",X4)+1,99)))=SIGN(VALUE(LEFT(X$25,FIND("x",X$25)-1))-VALUE(MID(X$25,FIND("x",X$25)+1,99))),IF(VALUE(LEFT(X$25,FIND("x",X$25)-1))=VALUE(MID(X$25,FIND("x",X$25)+1,99)),1,2),0),0))),IF(OR(Y4="",Y$25=""),0,IF(Y4=Y$25,5,IFERROR(IF(SIGN(VALUE(LEFT(Y4,FIND("x",Y4)-1))-VALUE(MID(Y4,FIND("x",Y4)+1,99)))=SIGN(VALUE(LEFT(Y$25,FIND("x",Y$25)-1))-VALUE(MID(Y$25,FIND("x",Y$25)+1,99))),IF(VALUE(LEFT(Y$25,FIND("x",Y$25)-1))=VALUE(MID(Y$25,FIND("x",Y$25)+1,99)),1,2),0),0))),IF(OR(Z4="",Z$25=""),0,IF(Z4=Z$25,5,IFERROR(IF(SIGN(VALUE(LEFT(Z4,FIND("x",Z4)-1))-VALUE(MID(Z4,FIND("x",Z4)+1,99)))=SIGN(VALUE(LEFT(Z$25,FIND("x",Z$25)-1))-VALUE(MID(Z$25,FIND("x",Z$25)+1,99))),IF(VALUE(LEFT(Z$25,FIND("x",Z$25)-1))=VALUE(MID(Z$25,FIND("x",Z$25)+1,99)),1,2),0),0))))&" ("&SUM(IF(AND(W4<>"",W4=W$25),1,0),IF(AND(X4<>"",X4=X$25),1,0),IF(AND(Y4<>"",Y4=Y$25),1,0),IF(AND(Z4<>"",Z4=Z$25),1,0))&")") | AC4: Bernardo | AH4: =IF(COUNTA(AD4:AG4)=0,"",SUM(IF(OR(AD4="",AD$14=""),0,IF(AD4=AD$14,5,IFERROR(IF(SIGN(VALUE(LEFT(AD4,FIND("x",AD4)-1))-VALUE(MID(AD4,FIND("x",AD4)+1,99)))=SIGN(VALUE(LEFT(AD$14,FIND("x",AD$14)-1))-VALUE(MID(AD$14,FIND("x",AD$14)+1,99))),IF(VALUE(LEFT(AD$14,FIND("x",AD$14)-1))=VALUE(MID(AD$14,FIND("x",AD$14)+1,99)),1,2),0),0))),IF(OR(AE4="",AE$14=""),0,IF(AE4=AE$14,5,IFERROR(IF(SIGN(VALUE(LEFT(AE4,FIND("x",AE4)-1))-VALUE(MID(AE4,FIND("x",AE4)+1,99)))=SIGN(VALUE(LEFT(AE$14,FIND("x",AE$14)-1))-VALUE(MID(AE$14,FIND("x",AE$14)+1,99))),IF(VALUE(LEFT(AE$14,FIND("x",AE$14)-1))=VALUE(MID(AE$14,FIND("x",AE$14)+1,99)),1,2),0),0))),IF(OR(AF4="",AF$14=""),0,IF(AF4=AF$14,5,IFERROR(IF(SIGN(VALUE(LEFT(AF4,FIND("x",AF4)-1))-VALUE(MID(AF4,FIND("x",AF4)+1,99)))=SIGN(VALUE(LEFT(AF$14,FIND("x",AF$14)-1))-VALUE(MID(AF$14,FIND("x",AF$14)+1,99))),IF(VALUE(LEFT(AF$14,FIND("x",AF$14)-1))=VALUE(MID(AF$14,FIND("x",AF$14)+1,99)),1,2),0),0))),IF(OR(AG4="",AG$14=""),0,IF(AG4=AG$14,5,IFERROR(IF(SIGN(VALUE(LEFT(AG4,FIND("x",AG4)-1))-VALUE(MID(AG4,FIND("x",AG4)+1,99)))=SIGN(VALUE(LEFT(AG$14,FIND("x",AG$14)-1))-VALUE(MID(AG$14,FIND("x",AG$14)+1,99))),IF(VALUE(LEFT(AG$14,FIND("x",AG$14)-1))=VALUE(MID(AG$14,FIND("x",AG$14)+1,99)),1,2),0),0))))&" ("&SUM(IF(AND(AD4<>"",AD4=AD$14),1,0),IF(AND(AE4<>"",AE4=AE$14),1,0),IF(AND(AF4<>"",AF4=AF$14),1,0),IF(AND(AG4<>"",AG4=AG$14),1,0))&")")
A5: Bernardo | B5: 1x1 | C5: 2x1 | D5: =IF(COUNTA(B5:C5)=0,"",SUM(IF(OR(B5="",B$25=""),0,IF(B5=B$25,5,IFERROR(IF(SIGN(VALUE(LEFT(B5,FIND("x",B5)-1))-VALUE(MID(B5,FIND("x",B5)+1,99)))=SIGN(VALUE(LEFT(B$25,FIND("x",B$25)-1))-VALUE(MID(B$25,FIND("x",B$25)+1,99))),IF(VALUE(LEFT(B$25,FIND("x",B$25)-1))=VALUE(MID(B$25,FIND("x",B$25)+1,99)),1,2),0),0))),IF(OR(C5="",C$25=""),0,IF(C5=C$25,5,IFERROR(IF(SIGN(VALUE(LEFT(C5,FIND("x",C5)-1))-VALUE(MID(C5,FIND("x",C5)+1,99)))=SIGN(VALUE(LEFT(C$25,FIND("x",C$25)-1))-VALUE(MID(C$25,FIND("x",C$25)+1,99))),IF(VALUE(LEFT(C$25,FIND("x",C$25)-1))=VALUE(MID(C$25,FIND("x",C$25)+1,99)),1,2),0),0))))&" ("&SUM(IF(AND(B5<>"",B5=B$25),1,0),IF(AND(C5<>"",C5=C$25),1,0))&")") -> 5 (1) | H5: Bernardo | I5: 0x1 | J5: 1x2 | K5: =IF(COUNTA(I5:J5)=0,"",SUM(IF(OR(I5="",I$25=""),0,IF(I5=I$25,5,IFERROR(IF(SIGN(VALUE(LEFT(I5,FIND("x",I5)-1))-VALUE(MID(I5,FIND("x",I5)+1,99)))=SIGN(VALUE(LEFT(I$25,FIND("x",I$25)-1))-VALUE(MID(I$25,FIND("x",I$25)+1,99))),IF(VALUE(LEFT(I$25,FIND("x",I$25)-1))=VALUE(MID(I$25,FIND("x",I$25)+1,99)),1,2),0),0))),IF(OR(J5="",J$25=""),0,IF(J5=J$25,5,IFERROR(IF(SIGN(VALUE(LEFT(J5,FIND("x",J5)-1))-VALUE(MID(J5,FIND("x",J5)+1,99)))=SIGN(VALUE(LEFT(J$25,FIND("x",J$25)-1))-VALUE(MID(J$25,FIND("x",J$25)+1,99))),IF(VALUE(LEFT(J$25,FIND("x",J$25)-1))=VALUE(MID(J$25,FIND("x",J$25)+1,99)),1,2),0),0))))&" ("&SUM(IF(AND(I5<>"",I5=I$25),1,0),IF(AND(J5<>"",J5=J$25),1,0))&")") -> 0 (0) | O5: Bernardo | P5: 0x1 | Q5: 2x1 | R5: 0x2 | S5: 1x2 | T5: =IF(COUNTA(P5:S5)=0,"",SUM(IF(OR(P5="",P$25=""),0,IF(P5=P$25,5,IFERROR(IF(SIGN(VALUE(LEFT(P5,FIND("x",P5)-1))-VALUE(MID(P5,FIND("x",P5)+1,99)))=SIGN(VALUE(LEFT(P$25,FIND("x",P$25)-1))-VALUE(MID(P$25,FIND("x",P$25)+1,99))),IF(VALUE(LEFT(P$25,FIND("x",P$25)-1))=VALUE(MID(P$25,FIND("x",P$25)+1,99)),1,2),0),0))),IF(OR(Q5="",Q$25=""),0,IF(Q5=Q$25,5,IFERROR(IF(SIGN(VALUE(LEFT(Q5,FIND("x",Q5)-1))-VALUE(MID(Q5,FIND("x",Q5)+1,99)))=SIGN(VALUE(LEFT(Q$25,FIND("x",Q$25)-1))-VALUE(MID(Q$25,FIND("x",Q$25)+1,99))),IF(VALUE(LEFT(Q$25,FIND("x",Q$25)-1))=VALUE(MID(Q$25,FIND("x",Q$25)+1,99)),1,2),0),0))),IF(OR(R5="",R$25=""),0,IF(R5=R$25,5,IFERROR(IF(SIGN(VALUE(LEFT(R5,FIND("x",R5)-1))-VALUE(MID(R5,FIND("x",R5)+1,99)))=SIGN(VALUE(LEFT(R$25,FIND("x",R$25)-1))-VALUE(MID(R$25,FIND("x",R$25)+1,99))),IF(VALUE(LEFT(R$25,FIND("x",R$25)-1))=VALUE(MID(R$25,FIND("x",R$25)+1,99)),1,2),0),0))),IF(OR(S5="",S$25=""),0,IF(S5=S$25,5,IFERROR(IF(SIGN(VALUE(LEFT(S5,FIND("x",S5)-1))-VALUE(MID(S5,FIND("x",S5)+1,99)))=SIGN(VALUE(LEFT(S$25,FIND("x",S$25)-1))-VALUE(MID(S$25,FIND("x",S$25)+1,99))),IF(VALUE(LEFT(S$25,FIND("x",S$25)-1))=VALUE(MID(S$25,FIND("x",S$25)+1,99)),1,2),0),0))))&" ("&SUM(IF(AND(P5<>"",P5=P$25),1,0),IF(AND(Q5<>"",Q5=Q$25),1,0),IF(AND(R5<>"",R5=R$25),1,0),IF(AND(S5<>"",S5=S$25),1,0))&")") -> 2 (0) | V5: Bernardo | AA5: =IF(COUNTA(W5:Z5)=0,"",SUM(IF(OR(W5="",W$25=""),0,IF(W5=W$25,5,IFERROR(IF(SIGN(VALUE(LEFT(W5,FIND("x",W5)-1))-VALUE(MID(W5,FIND("x",W5)+1,99)))=SIGN(VALUE(LEFT(W$25,FIND("x",W$25)-1))-VALUE(MID(W$25,FIND("x",W$25)+1,99))),IF(VALUE(LEFT(W$25,FIND("x",W$25)-1))=VALUE(MID(W$25,FIND("x",W$25)+1,99)),1,2),0),0))),IF(OR(X5="",X$25=""),0,IF(X5=X$25,5,IFERROR(IF(SIGN(VALUE(LEFT(X5,FIND("x",X5)-1))-VALUE(MID(X5,FIND("x",X5)+1,99)))=SIGN(VALUE(LEFT(X$25,FIND("x",X$25)-1))-VALUE(MID(X$25,FIND("x",X$25)+1,99))),IF(VALUE(LEFT(X$25,FIND("x",X$25)-1))=VALUE(MID(X$25,FIND("x",X$25)+1,99)),1,2),0),0))),IF(OR(Y5="",Y$25=""),0,IF(Y5=Y$25,5,IFERROR(IF(SIGN(VALUE(LEFT(Y5,FIND("x",Y5)-1))-VALUE(MID(Y5,FIND("x",Y5)+1,99)))=SIGN(VALUE(LEFT(Y$25,FIND("x",Y$25)-1))-VALUE(MID(Y$25,FIND("x",Y$25)+1,99))),IF(VALUE(LEFT(Y$25,FIND("x",Y$25)-1))=VALUE(MID(Y$25,FIND("x",Y$25)+1,99)),1,2),0),0))),IF(OR(Z5="",Z$25=""),0,IF(Z5=Z$25,5,IFERROR(IF(SIGN(VALUE(LEFT(Z5,FIND("x",Z5)-1))-VALUE(MID(Z5,FIND("x",Z5)+1,99)))=SIGN(VALUE(LEFT(Z$25,FIND("x",Z$25)-1))-VALUE(MID(Z$25,FIND("x",Z$25)+1,99))),IF(VALUE(LEFT(Z$25,FIND("x",Z$25)-1))=VALUE(MID(Z$25,FIND("x",Z$25)+1,99)),1,2),0),0))))&" ("&SUM(IF(AND(W5<>"",W5=W$25),1,0),IF(AND(X5<>"",X5=X$25),1,0),IF(AND(Y5<>"",Y5=Y$25),1,0),IF(AND(Z5<>"",Z5=Z$25),1,0))&")") | AC5: Caio Borges | AH5: =IF(COUNTA(AD5:AG5)=0,"",SUM(IF(OR(AD5="",AD$14=""),0,IF(AD5=AD$14,5,IFERROR(IF(SIGN(VALUE(LEFT(AD5,FIND("x",AD5)-1))-VALUE(MID(AD5,FIND("x",AD5)+1,99)))=SIGN(VALUE(LEFT(AD$14,FIND("x",AD$14)-1))-VALUE(MID(AD$14,FIND("x",AD$14)+1,99))),IF(VALUE(LEFT(AD$14,FIND("x",AD$14)-1))=VALUE(MID(AD$14,FIND("x",AD$14)+1,99)),1,2),0),0))),IF(OR(AE5="",AE$14=""),0,IF(AE5=AE$14,5,IFERROR(IF(SIGN(VALUE(LEFT(AE5,FIND("x",AE5)-1))-VALUE(MID(AE5,FIND("x",AE5)+1,99)))=SIGN(VALUE(LEFT(AE$14,FIND("x",AE$14)-1))-VALUE(MID(AE$14,FIND("x",AE$14)+1,99))),IF(VALUE(LEFT(AE$14,FIND("x",AE$14)-1))=VALUE(MID(AE$14,FIND("x",AE$14)+1,99)),1,2),0),0))),IF(OR(AF5="",AF$14=""),0,IF(AF5=AF$14,5,IFERROR(IF(SIGN(VALUE(LEFT(AF5,FIND("x",AF5)-1))-VALUE(MID(AF5,FIND("x",AF5)+1,99)))=SIGN(VALUE(LEFT(AF$14,FIND("x",AF$14)-1))-VALUE(MID(AF$14,FIND("x",AF$14)+1,99))),IF(VALUE(LEFT(AF$14,FIND("x",AF$14)-1))=VALUE(MID(AF$14,FIND("x",AF$14)+1,99)),1,2),0),0))),IF(OR(AG5="",AG$14=""),0,IF(AG5=AG$14,5,IFERROR(IF(SIGN(VALUE(LEFT(AG5,FIND("x",AG5)-1))-VALUE(MID(AG5,FIND("x",AG5)+1,99)))=SIGN(VALUE(LEFT(AG$14,FIND("x",AG$14)-1))-VALUE(MID(AG$14,FIND("x",AG$14)+1,99))),IF(VALUE(LEFT(AG$14,FIND("x",AG$14)-1))=VALUE(MID(AG$14,FIND("x",AG$14)+1,99)),1,2),0),0))))&" ("&SUM(IF(AND(AD5<>"",AD5=AD$14),1,0),IF(AND(AE5<>"",AE5=AE$14),1,0),IF(AND(AF5<>"",AF5=AF$14),1,0),IF(AND(AG5<>"",AG5=AG$14),1,0))&")")
A6: Brenno Vergara | B6: 2x1 | C6: 2x2 | D6: =IF(COUNTA(B6:C6)=0,"",SUM(IF(OR(B6="",B$25=""),0,IF(B6=B$25,5,IFERROR(IF(SIGN(VALUE(LEFT(B6,FIND("x",B6)-1))-VALUE(MID(B6,FIND("x",B6)+1,99)))=SIGN(VALUE(LEFT(B$25,FIND("x",B$25)-1))-VALUE(MID(B$25,FIND("x",B$25)+1,99))),IF(VALUE(LEFT(B$25,FIND("x",B$25)-1))=VALUE(MID(B$25,FIND("x",B$25)+1,99)),1,2),0),0))),IF(OR(C6="",C$25=""),0,IF(C6=C$25,5,IFERROR(IF(SIGN(VALUE(LEFT(C6,FIND("x",C6)-1))-VALUE(MID(C6,FIND("x",C6)+1,99)))=SIGN(VALUE(LEFT(C$25,FIND("x",C$25)-1))-VALUE(MID(C$25,FIND("x",C$25)+1,99))),IF(VALUE(LEFT(C$25,FIND("x",C$25)-1))=VALUE(MID(C$25,FIND("x",C$25)+1,99)),1,2),0),0))))&" ("&SUM(IF(AND(B6<>"",B6=B$25),1,0),IF(AND(C6<>"",C6=C$25),1,0))&")") -> 2 (0) | H6: Brenno Vergara | I6: 1x2 | J6: 0x2 | K6: =IF(COUNTA(I6:J6)=0,"",SUM(IF(OR(I6="",I$25=""),0,IF(I6=I$25,5,IFERROR(IF(SIGN(VALUE(LEFT(I6,FIND("x",I6)-1))-VALUE(MID(I6,FIND("x",I6)+1,99)))=SIGN(VALUE(LEFT(I$25,FIND("x",I$25)-1))-VALUE(MID(I$25,FIND("x",I$25)+1,99))),IF(VALUE(LEFT(I$25,FIND("x",I$25)-1))=VALUE(MID(I$25,FIND("x",I$25)+1,99)),1,2),0),0))),IF(OR(J6="",J$25=""),0,IF(J6=J$25,5,IFERROR(IF(SIGN(VALUE(LEFT(J6,FIND("x",J6)-1))-VALUE(MID(J6,FIND("x",J6)+1,99)))=SIGN(VALUE(LEFT(J$25,FIND("x",J$25)-1))-VALUE(MID(J$25,FIND("x",J$25)+1,99))),IF(VALUE(LEFT(J$25,FIND("x",J$25)-1))=VALUE(MID(J$25,FIND("x",J$25)+1,99)),1,2),0),0))))&" ("&SUM(IF(AND(I6<>"",I6=I$25),1,0),IF(AND(J6<>"",J6=J$25),1,0))&")") -> 0 (0) | M6: Meus palpites (Nicolas) | O6: Brenno Vergara | P6: 0x3 | Q6: 2x1 | R6: 0x3 | S6: 0x1 | T6: =IF(COUNTA(P6:S6)=0,"",SUM(IF(OR(P6="",P$25=""),0,IF(P6=P$25,5,IFERROR(IF(SIGN(VALUE(LEFT(P6,FIND("x",P6)-1))-VALUE(MID(P6,FIND("x",P6)+1,99)))=SIGN(VALUE(LEFT(P$25,FIND("x",P$25)-1))-VALUE(MID(P$25,FIND("x",P$25)+1,99))),IF(VALUE(LEFT(P$25,FIND("x",P$25)-1))=VALUE(MID(P$25,FIND("x",P$25)+1,99)),1,2),0),0))),IF(OR(Q6="",Q$25=""),0,IF(Q6=Q$25,5,IFERROR(IF(SIGN(VALUE(LEFT(Q6,FIND("x",Q6)-1))-VALUE(MID(Q6,FIND("x",Q6)+1,99)))=SIGN(VALUE(LEFT(Q$25,FIND("x",Q$25)-1))-VALUE(MID(Q$25,FIND("x",Q$25)+1,99))),IF(VALUE(LEFT(Q$25,FIND("x",Q$25)-1))=VALUE(MID(Q$25,FIND("x",Q$25)+1,99)),1,2),0),0))),IF(OR(R6="",R$25=""),0,IF(R6=R$25,5,IFERROR(IF(SIGN(VALUE(LEFT(R6,FIND("x",R6)-1))-VALUE(MID(R6,FIND("x",R6)+1,99)))=SIGN(VALUE(LEFT(R$25,FIND("x",R$25)-1))-VALUE(MID(R$25,FIND("x",R$25)+1,99))),IF(VALUE(LEFT(R$25,FIND("x",R$25)-1))=VALUE(MID(R$25,FIND("x",R$25)+1,99)),1,2),0),0))),IF(OR(S6="",S$25=""),0,IF(S6=S$25,5,IFERROR(IF(SIGN(VALUE(LEFT(S6,FIND("x",S6)-1))-VALUE(MID(S6,FIND("x",S6)+1,99)))=SIGN(VALUE(LEFT(S$25,FIND("x",S$25)-1))-VALUE(MID(S$25,FIND("x",S$25)+1,99))),IF(VALUE(LEFT(S$25,FIND("x",S$25)-1))=VALUE(MID(S$25,FIND("x",S$25)+1,99)),1,2),0),0))))&" ("&SUM(IF(AND(P6<>"",P6=P$25),1,0),IF(AND(Q6<>"",Q6=Q$25),1,0),IF(AND(R6<>"",R6=R$25),1,0),IF(AND(S6<>"",S6=S$25),1,0))&")") -> 2 (0) | V6: Brenno Vergara | AA6: =IF(COUNTA(W6:Z6)=0,"",SUM(IF(OR(W6="",W$25=""),0,IF(W6=W$25,5,IFERROR(IF(SIGN(VALUE(LEFT(W6,FIND("x",W6)-1))-VALUE(MID(W6,FIND("x",W6)+1,99)))=SIGN(VALUE(LEFT(W$25,FIND("x",W$25)-1))-VALUE(MID(W$25,FIND("x",W$25)+1,99))),IF(VALUE(LEFT(W$25,FIND("x",W$25)-1))=VALUE(MID(W$25,FIND("x",W$25)+1,99)),1,2),0),0))),IF(OR(X6="",X$25=""),0,IF(X6=X$25,5,IFERROR(IF(SIGN(VALUE(LEFT(X6,FIND("x",X6)-1))-VALUE(MID(X6,FIND("x",X6)+1,99)))=SIGN(VALUE(LEFT(X$25,FIND("x",X$25)-1))-VALUE(MID(X$25,FIND("x",X$25)+1,99))),IF(VALUE(LEFT(X$25,FIND("x",X$25)-1))=VALUE(MID(X$25,FIND("x",X$25)+1,99)),1,2),0),0))),IF(OR(Y6="",Y$25=""),0,IF(Y6=Y$25,5,IFERROR(IF(SIGN(VALUE(LEFT(Y6,FIND("x",Y6)-1))-VALUE(MID(Y6,FIND("x",Y6)+1,99)))=SIGN(VALUE(LEFT(Y$25,FIND("x",Y$25)-1))-VALUE(MID(Y$25,FIND("x",Y$25)+1,99))),IF(VALUE(LEFT(Y$25,FIND("x",Y$25)-1))=VALUE(MID(Y$25,FIND("x",Y$25)+1,99)),1,2),0),0))),IF(OR(Z6="",Z$25=""),0,IF(Z6=Z$25,5,IFERROR(IF(SIGN(VALUE(LEFT(Z6,FIND("x",Z6)-1))-VALUE(MID(Z6,FIND("x",Z6)+1,99)))=SIGN(VALUE(LEFT(Z$25,FIND("x",Z$25)-1))-VALUE(MID(Z$25,FIND("x",Z$25)+1,99))),IF(VALUE(LEFT(Z$25,FIND("x",Z$25)-1))=VALUE(MID(Z$25,FIND("x",Z$25)+1,99)),1,2),0),0))))&" ("&SUM(IF(AND(W6<>"",W6=W$25),1,0),IF(AND(X6<>"",X6=X$25),1,0),IF(AND(Y6<>"",Y6=Y$25),1,0),IF(AND(Z6<>"",Z6=Z$25),1,0))&")") | AC6: Gabriel Mendes | AH6: =IF(COUNTA(AD6:AG6)=0,"",SUM(IF(OR(AD6="",AD$14=""),0,IF(AD6=AD$14,5,IFERROR(IF(SIGN(VALUE(LEFT(AD6,FIND("x",AD6)-1))-VALUE(MID(AD6,FIND("x",AD6)+1,99)))=SIGN(VALUE(LEFT(AD$14,FIND("x",AD$14)-1))-VALUE(MID(AD$14,FIND("x",AD$14)+1,99))),IF(VALUE(LEFT(AD$14,FIND("x",AD$14)-1))=VALUE(MID(AD$14,FIND("x",AD$14)+1,99)),1,2),0),0))),IF(OR(AE6="",AE$14=""),0,IF(AE6=AE$14,5,IFERROR(IF(SIGN(VALUE(LEFT(AE6,FIND("x",AE6)-1))-VALUE(MID(AE6,FIND("x",AE6)+1,99)))=SIGN(VALUE(LEFT(AE$14,FIND("x",AE$14)-1))-VALUE(MID(AE$14,FIND("x",AE$14)+1,99))),IF(VALUE(LEFT(AE$14,FIND("x",AE$14)-1))=VALUE(MID(AE$14,FIND("x",AE$14)+1,99)),1,2),0),0))),IF(OR(AF6="",AF$14=""),0,IF(AF6=AF$14,5,IFERROR(IF(SIGN(VALUE(LEFT(AF6,FIND("x",AF6)-1))-VALUE(MID(AF6,FIND("x",AF6)+1,99)))=SIGN(VALUE(LEFT(AF$14,FIND("x",AF$14)-1))-VALUE(MID(AF$14,FIND("x",AF$14)+1,99))),IF(VALUE(LEFT(AF$14,FIND("x",AF$14)-1))=VALUE(MID(AF$14,FIND("x",AF$14)+1,99)),1,2),0),0))),IF(OR(AG6="",AG$14=""),0,IF(AG6=AG$14,5,IFERROR(IF(SIGN(VALUE(LEFT(AG6,FIND("x",AG6)-1))-VALUE(MID(AG6,FIND("x",AG6)+1,99)))=SIGN(VALUE(LEFT(AG$14,FIND("x",AG$14)-1))-VALUE(MID(AG$14,FIND("x",AG$14)+1,99))),IF(VALUE(LEFT(AG$14,FIND("x",AG$14)-1))=VALUE(MID(AG$14,FIND("x",AG$14)+1,99)),1,2),0),0))))&" ("&SUM(IF(AND(AD6<>"",AD6=AD$14),1,0),IF(AND(AE6<>"",AE6=AE$14),1,0),IF(AND(AF6<>"",AF6=AF$14),1,0),IF(AND(AG6<>"",AG6=AG$14),1,0))&")")
A7: Caio Borges | B7: 2x1 | C7: 2x1 | D7: =IF(COUNTA(B7:C7)=0,"",SUM(IF(OR(B7="",B$25=""),0,IF(B7=B$25,5,IFERROR(IF(SIGN(VALUE(LEFT(B7,FIND("x",B7)-1))-VALUE(MID(B7,FIND("x",B7)+1,99)))=SIGN(VALUE(LEFT(B$25,FIND("x",B$25)-1))-VALUE(MID(B$25,FIND("x",B$25)+1,99))),IF(VALUE(LEFT(B$25,FIND("x",B$25)-1))=VALUE(MID(B$25,FIND("x",B$25)+1,99)),1,2),0),0))),IF(OR(C7="",C$25=""),0,IF(C7=C$25,5,IFERROR(IF(SIGN(VALUE(LEFT(C7,FIND("x",C7)-1))-VALUE(MID(C7,FIND("x",C7)+1,99)))=SIGN(VALUE(LEFT(C$25,FIND("x",C$25)-1))-VALUE(MID(C$25,FIND("x",C$25)+1,99))),IF(VALUE(LEFT(C$25,FIND("x",C$25)-1))=VALUE(MID(C$25,FIND("x",C$25)+1,99)),1,2),0),0))))&" ("&SUM(IF(AND(B7<>"",B7=B$25),1,0),IF(AND(C7<>"",C7=C$25),1,0))&")") -> 7 (1) | H7: Caio Borges | I7: 2x0 | J7: 2x1 | K7: =IF(COUNTA(I7:J7)=0,"",SUM(IF(OR(I7="",I$25=""),0,IF(I7=I$25,5,IFERROR(IF(SIGN(VALUE(LEFT(I7,FIND("x",I7)-1))-VALUE(MID(I7,FIND("x",I7)+1,99)))=SIGN(VALUE(LEFT(I$25,FIND("x",I$25)-1))-VALUE(MID(I$25,FIND("x",I$25)+1,99))),IF(VALUE(LEFT(I$25,FIND("x",I$25)-1))=VALUE(MID(I$25,FIND("x",I$25)+1,99)),1,2),0),0))),IF(OR(J7="",J$25=""),0,IF(J7=J$25,5,IFERROR(IF(SIGN(VALUE(LEFT(J7,FIND("x",J7)-1))-VALUE(MID(J7,FIND("x",J7)+1,99)))=SIGN(VALUE(LEFT(J$25,FIND("x",J$25)-1))-VALUE(MID(J$25,FIND("x",J$25)+1,99))),IF(VALUE(LEFT(J$25,FIND("x",J$25)-1))=VALUE(MID(J$25,FIND("x",J$25)+1,99)),1,2),0),0))))&" ("&SUM(IF(AND(I7<>"",I7=I$25),1,0),IF(AND(J7<>"",J7=J$25),1,0))&")") -> 2 (0) | M7: 16:00 Catar x Suíça | O7: Caio Borges | P7: 1x1 | Q7: 2x0 | R7: 1x2 | S7: 1x2 | T7: =IF(COUNTA(P7:S7)=0,"",SUM(IF(OR(P7="",P$25=""),0,IF(P7=P$25,5,IFERROR(IF(SIGN(VALUE(LEFT(P7,FIND("x",P7)-1))-VALUE(MID(P7,FIND("x",P7)+1,99)))=SIGN(VALUE(LEFT(P$25,FIND("x",P$25)-1))-VALUE(MID(P$25,FIND("x",P$25)+1,99))),IF(VALUE(LEFT(P$25,FIND("x",P$25)-1))=VALUE(MID(P$25,FIND("x",P$25)+1,99)),1,2),0),0))),IF(OR(Q7="",Q$25=""),0,IF(Q7=Q$25,5,IFERROR(IF(SIGN(VALUE(LEFT(Q7,FIND("x",Q7)-1))-VALUE(MID(Q7,FIND("x",Q7)+1,99)))=SIGN(VALUE(LEFT(Q$25,FIND("x",Q$25)-1))-VALUE(MID(Q$25,FIND("x",Q$25)+1,99))),IF(VALUE(LEFT(Q$25,FIND("x",Q$25)-1))=VALUE(MID(Q$25,FIND("x",Q$25)+1,99)),1,2),0),0))),IF(OR(R7="",R$25=""),0,IF(R7=R$25,5,IFERROR(IF(SIGN(VALUE(LEFT(R7,FIND("x",R7)-1))-VALUE(MID(R7,FIND("x",R7)+1,99)))=SIGN(VALUE(LEFT(R$25,FIND("x",R$25)-1))-VALUE(MID(R$25,FIND("x",R$25)+1,99))),IF(VALUE(LEFT(R$25,FIND("x",R$25)-1))=VALUE(MID(R$25,FIND("x",R$25)+1,99)),1,2),0),0))),IF(OR(S7="",S$25=""),0,IF(S7=S$25,5,IFERROR(IF(SIGN(VALUE(LEFT(S7,FIND("x",S7)-1))-VALUE(MID(S7,FIND("x",S7)+1,99)))=SIGN(VALUE(LEFT(S$25,FIND("x",S$25)-1))-VALUE(MID(S$25,FIND("x",S$25)+1,99))),IF(VALUE(LEFT(S$25,FIND("x",S$25)-1))=VALUE(MID(S$25,FIND("x",S$25)+1,99)),1,2),0),0))))&" ("&SUM(IF(AND(P7<>"",P7=P$25),1,0),IF(AND(Q7<>"",Q7=Q$25),1,0),IF(AND(R7<>"",R7=R$25),1,0),IF(AND(S7<>"",S7=S$25),1,0))&")") -> 7 (1) | V7: Caio Borges | AA7: =IF(COUNTA(W7:Z7)=0,"",SUM(IF(OR(W7="",W$25=""),0,IF(W7=W$25,5,IFERROR(IF(SIGN(VALUE(LEFT(W7,FIND("x",W7)-1))-VALUE(MID(W7,FIND("x",W7)+1,99)))=SIGN(VALUE(LEFT(W$25,FIND("x",W$25)-1))-VALUE(MID(W$25,FIND("x",W$25)+1,99))),IF(VALUE(LEFT(W$25,FIND("x",W$25)-1))=VALUE(MID(W$25,FIND("x",W$25)+1,99)),1,2),0),0))),IF(OR(X7="",X$25=""),0,IF(X7=X$25,5,IFERROR(IF(SIGN(VALUE(LEFT(X7,FIND("x",X7)-1))-VALUE(MID(X7,FIND("x",X7)+1,99)))=SIGN(VALUE(LEFT(X$25,FIND("x",X$25)-1))-VALUE(MID(X$25,FIND("x",X$25)+1,99))),IF(VALUE(LEFT(X$25,FIND("x",X$25)-1))=VALUE(MID(X$25,FIND("x",X$25)+1,99)),1,2),0),0))),IF(OR(Y7="",Y$25=""),0,IF(Y7=Y$25,5,IFERROR(IF(SIGN(VALUE(LEFT(Y7,FIND("x",Y7)-1))-VALUE(MID(Y7,FIND("x",Y7)+1,99)))=SIGN(VALUE(LEFT(Y$25,FIND("x",Y$25)-1))-VALUE(MID(Y$25,FIND("x",Y$25)+1,99))),IF(VALUE(LEFT(Y$25,FIND("x",Y$25)-1))=VALUE(MID(Y$25,FIND("x",Y$25)+1,99)),1,2),0),0))),IF(OR(Z7="",Z$25=""),0,IF(Z7=Z$25,5,IFERROR(IF(SIGN(VALUE(LEFT(Z7,FIND("x",Z7)-1))-VALUE(MID(Z7,FIND("x",Z7)+1,99)))=SIGN(VALUE(LEFT(Z$25,FIND("x",Z$25)-1))-VALUE(MID(Z$25,FIND("x",Z$25)+1,99))),IF(VALUE(LEFT(Z$25,FIND("x",Z$25)-1))=VALUE(MID(Z$25,FIND("x",Z$25)+1,99)),1,2),0),0))))&" ("&SUM(IF(AND(W7<>"",W7=W$25),1,0),IF(AND(X7<>"",X7=X$25),1,0),IF(AND(Y7<>"",Y7=Y$25),1,0),IF(AND(Z7<>"",Z7=Z$25),1,0))&")") | AC7: Karen | AH7: =IF(COUNTA(AD7:AG7)=0,"",SUM(IF(OR(AD7="",AD$14=""),0,IF(AD7=AD$14,5,IFERROR(IF(SIGN(VALUE(LEFT(AD7,FIND("x",AD7)-1))-VALUE(MID(AD7,FIND("x",AD7)+1,99)))=SIGN(VALUE(LEFT(AD$14,FIND("x",AD$14)-1))-VALUE(MID(AD$14,FIND("x",AD$14)+1,99))),IF(VALUE(LEFT(AD$14,FIND("x",AD$14)-1))=VALUE(MID(AD$14,FIND("x",AD$14)+1,99)),1,2),0),0))),IF(OR(AE7="",AE$14=""),0,IF(AE7=AE$14,5,IFERROR(IF(SIGN(VALUE(LEFT(AE7,FIND("x",AE7)-1))-VALUE(MID(AE7,FIND("x",AE7)+1,99)))=SIGN(VALUE(LEFT(AE$14,FIND("x",AE$14)-1))-VALUE(MID(AE$14,FIND("x",AE$14)+1,99))),IF(VALUE(LEFT(AE$14,FIND("x",AE$14)-1))=VALUE(MID(AE$14,FIND("x",AE$14)+1,99)),1,2),0),0))),IF(OR(AF7="",AF$14=""),0,IF(AF7=AF$14,5,IFERROR(IF(SIGN(VALUE(LEFT(AF7,FIND("x",AF7)-1))-VALUE(MID(AF7,FIND("x",AF7)+1,99)))=SIGN(VALUE(LEFT(AF$14,FIND("x",AF$14)-1))-VALUE(MID(AF$14,FIND("x",AF$14)+1,99))),IF(VALUE(LEFT(AF$14,FIND("x",AF$14)-1))=VALUE(MID(AF$14,FIND("x",AF$14)+1,99)),1,2),0),0))),IF(OR(AG7="",AG$14=""),0,IF(AG7=AG$14,5,IFERROR(IF(SIGN(VALUE(LEFT(AG7,FIND("x",AG7)-1))-VALUE(MID(AG7,FIND("x",AG7)+1,99)))=SIGN(VALUE(LEFT(AG$14,FIND("x",AG$14)-1))-VALUE(MID(AG$14,FIND("x",AG$14)+1,99))),IF(VALUE(LEFT(AG$14,FIND("x",AG$14)-1))=VALUE(MID(AG$14,FIND("x",AG$14)+1,99)),1,2),0),0))))&" ("&SUM(IF(AND(AD7<>"",AD7=AD$14),1,0),IF(AND(AE7<>"",AE7=AE$14),1,0),IF(AND(AF7<>"",AF7=AF$14),1,0),IF(AND(AG7<>"",AG7=AG$14),1,0))&")")
A8: Eduarda Peres | B8: 3x1 | C8: 2x1 | D8: =IF(COUNTA(B8:C8)=0,"",SUM(IF(OR(B8="",B$25=""),0,IF(B8=B$25,5,IFERROR(IF(SIGN(VALUE(LEFT(B8,FIND("x",B8)-1))-VALUE(MID(B8,FIND("x",B8)+1,99)))=SIGN(VALUE(LEFT(B$25,FIND("x",B$25)-1))-VALUE(MID(B$25,FIND("x",B$25)+1,99))),IF(VALUE(LEFT(B$25,FIND("x",B$25)-1))=VALUE(MID(B$25,FIND("x",B$25)+1,99)),1,2),0),0))),IF(OR(C8="",C$25=""),0,IF(C8=C$25,5,IFERROR(IF(SIGN(VALUE(LEFT(C8,FIND("x",C8)-1))-VALUE(MID(C8,FIND("x",C8)+1,99)))=SIGN(VALUE(LEFT(C$25,FIND("x",C$25)-1))-VALUE(MID(C$25,FIND("x",C$25)+1,99))),IF(VALUE(LEFT(C$25,FIND("x",C$25)-1))=VALUE(MID(C$25,FIND("x",C$25)+1,99)),1,2),0),0))))&" ("&SUM(IF(AND(B8<>"",B8=B$25),1,0),IF(AND(C8<>"",C8=C$25),1,0))&")") -> 7 (1) | H8: Eduarda Peres | I8: 2x0 | J8: 1x2 | K8: =IF(COUNTA(I8:J8)=0,"",SUM(IF(OR(I8="",I$25=""),0,IF(I8=I$25,5,IFERROR(IF(SIGN(VALUE(LEFT(I8,FIND("x",I8)-1))-VALUE(MID(I8,FIND("x",I8)+1,99)))=SIGN(VALUE(LEFT(I$25,FIND("x",I$25)-1))-VALUE(MID(I$25,FIND("x",I$25)+1,99))),IF(VALUE(LEFT(I$25,FIND("x",I$25)-1))=VALUE(MID(I$25,FIND("x",I$25)+1,99)),1,2),0),0))),IF(OR(J8="",J$25=""),0,IF(J8=J$25,5,IFERROR(IF(SIGN(VALUE(LEFT(J8,FIND("x",J8)-1))-VALUE(MID(J8,FIND("x",J8)+1,99)))=SIGN(VALUE(LEFT(J$25,FIND("x",J$25)-1))-VALUE(MID(J$25,FIND("x",J$25)+1,99))),IF(VALUE(LEFT(J$25,FIND("x",J$25)-1))=VALUE(MID(J$25,FIND("x",J$25)+1,99)),1,2),0),0))))&" ("&SUM(IF(AND(I8<>"",I8=I$25),1,0),IF(AND(J8<>"",J8=J$25),1,0))&")") -> 0 (0) | M8: 19:00 Brasil x Marrocos | O8: Eduarda Peres | P8: 1x3 | Q8: 3x1 | R8: 0x2 | S8: 3x1 | T8: =IF(COUNTA(P8:S8)=0,"",SUM(IF(OR(P8="",P$25=""),0,IF(P8=P$25,5,IFERROR(IF(SIGN(VALUE(LEFT(P8,FIND("x",P8)-1))-VALUE(MID(P8,FIND("x",P8)+1,99)))=SIGN(VALUE(LEFT(P$25,FIND("x",P$25)-1))-VALUE(MID(P$25,FIND("x",P$25)+1,99))),IF(VALUE(LEFT(P$25,FIND("x",P$25)-1))=VALUE(MID(P$25,FIND("x",P$25)+1,99)),1,2),0),0))),IF(OR(Q8="",Q$25=""),0,IF(Q8=Q$25,5,IFERROR(IF(SIGN(VALUE(LEFT(Q8,FIND("x",Q8)-1))-VALUE(MID(Q8,FIND("x",Q8)+1,99)))=SIGN(VALUE(LEFT(Q$25,FIND("x",Q$25)-1))-VALUE(MID(Q$25,FIND("x",Q$25)+1,99))),IF(VALUE(LEFT(Q$25,FIND("x",Q$25)-1))=VALUE(MID(Q$25,FIND("x",Q$25)+1,99)),1,2),0),0))),IF(OR(R8="",R$25=""),0,IF(R8=R$25,5,IFERROR(IF(SIGN(VALUE(LEFT(R8,FIND("x",R8)-1))-VALUE(MID(R8,FIND("x",R8)+1,99)))=SIGN(VALUE(LEFT(R$25,FIND("x",R$25)-1))-VALUE(MID(R$25,FIND("x",R$25)+1,99))),IF(VALUE(LEFT(R$25,FIND("x",R$25)-1))=VALUE(MID(R$25,FIND("x",R$25)+1,99)),1,2),0),0))),IF(OR(S8="",S$25=""),0,IF(S8=S$25,5,IFERROR(IF(SIGN(VALUE(LEFT(S8,FIND("x",S8)-1))-VALUE(MID(S8,FIND("x",S8)+1,99)))=SIGN(VALUE(LEFT(S$25,FIND("x",S$25)-1))-VALUE(MID(S$25,FIND("x",S$25)+1,99))),IF(VALUE(LEFT(S$25,FIND("x",S$25)-1))=VALUE(MID(S$25,FIND("x",S$25)+1,99)),1,2),0),0))))&" ("&SUM(IF(AND(P8<>"",P8=P$25),1,0),IF(AND(Q8<>"",Q8=Q$25),1,0),IF(AND(R8<>"",R8=R$25),1,0),IF(AND(S8<>"",S8=S$25),1,0))&")") -> 4 (0) | V8: Eduarda Peres | AA8: =IF(COUNTA(W8:Z8)=0,"",SUM(IF(OR(W8="",W$25=""),0,IF(W8=W$25,5,IFERROR(IF(SIGN(VALUE(LEFT(W8,FIND("x",W8)-1))-VALUE(MID(W8,FIND("x",W8)+1,99)))=SIGN(VALUE(LEFT(W$25,FIND("x",W$25)-1))-VALUE(MID(W$25,FIND("x",W$25)+1,99))),IF(VALUE(LEFT(W$25,FIND("x",W$25)-1))=VALUE(MID(W$25,FIND("x",W$25)+1,99)),1,2),0),0))),IF(OR(X8="",X$25=""),0,IF(X8=X$25,5,IFERROR(IF(SIGN(VALUE(LEFT(X8,FIND("x",X8)-1))-VALUE(MID(X8,FIND("x",X8)+1,99)))=SIGN(VALUE(LEFT(X$25,FIND("x",X$25)-1))-VALUE(MID(X$25,FIND("x",X$25)+1,99))),IF(VALUE(LEFT(X$25,FIND("x",X$25)-1))=VALUE(MID(X$25,FIND("x",X$25)+1,99)),1,2),0),0))),IF(OR(Y8="",Y$25=""),0,IF(Y8=Y$25,5,IFERROR(IF(SIGN(VALUE(LEFT(Y8,FIND("x",Y8)-1))-VALUE(MID(Y8,FIND("x",Y8)+1,99)))=SIGN(VALUE(LEFT(Y$25,FIND("x",Y$25)-1))-VALUE(MID(Y$25,FIND("x",Y$25)+1,99))),IF(VALUE(LEFT(Y$25,FIND("x",Y$25)-1))=VALUE(MID(Y$25,FIND("x",Y$25)+1,99)),1,2),0),0))),IF(OR(Z8="",Z$25=""),0,IF(Z8=Z$25,5,IFERROR(IF(SIGN(VALUE(LEFT(Z8,FIND("x",Z8)-1))-VALUE(MID(Z8,FIND("x",Z8)+1,99)))=SIGN(VALUE(LEFT(Z$25,FIND("x",Z$25)-1))-VALUE(MID(Z$25,FIND("x",Z$25)+1,99))),IF(VALUE(LEFT(Z$25,FIND("x",Z$25)-1))=VALUE(MID(Z$25,FIND("x",Z$25)+1,99)),1,2),0),0))))&" ("&SUM(IF(AND(W8<>"",W8=W$25),1,0),IF(AND(X8<>"",X8=X$25),1,0),IF(AND(Y8<>"",Y8=Y$25),1,0),IF(AND(Z8<>"",Z8=Z$25),1,0))&")") | AC8: Lucas | AH8: =IF(COUNTA(AD8:AG8)=0,"",SUM(IF(OR(AD8="",AD$14=""),0,IF(AD8=AD$14,5,IFERROR(IF(SIGN(VALUE(LEFT(AD8,FIND("x",AD8)-1))-VALUE(MID(AD8,FIND("x",AD8)+1,99)))=SIGN(VALUE(LEFT(AD$14,FIND("x",AD$14)-1))-VALUE(MID(AD$14,FIND("x",AD$14)+1,99))),IF(VALUE(LEFT(AD$14,FIND("x",AD$14)-1))=VALUE(MID(AD$14,FIND("x",AD$14)+1,99)),1,2),0),0))),IF(OR(AE8="",AE$14=""),0,IF(AE8=AE$14,5,IFERROR(IF(SIGN(VALUE(LEFT(AE8,FIND("x",AE8)-1))-VALUE(MID(AE8,FIND("x",AE8)+1,99)))=SIGN(VALUE(LEFT(AE$14,FIND("x",AE$14)-1))-VALUE(MID(AE$14,FIND("x",AE$14)+1,99))),IF(VALUE(LEFT(AE$14,FIND("x",AE$14)-1))=VALUE(MID(AE$14,FIND("x",AE$14)+1,99)),1,2),0),0))),IF(OR(AF8="",AF$14=""),0,IF(AF8=AF$14,5,IFERROR(IF(SIGN(VALUE(LEFT(AF8,FIND("x",AF8)-1))-VALUE(MID(AF8,FIND("x",AF8)+1,99)))=SIGN(VALUE(LEFT(AF$14,FIND("x",AF$14)-1))-VALUE(MID(AF$14,FIND("x",AF$14)+1,99))),IF(VALUE(LEFT(AF$14,FIND("x",AF$14)-1))=VALUE(MID(AF$14,FIND("x",AF$14)+1,99)),1,2),0),0))),IF(OR(AG8="",AG$14=""),0,IF(AG8=AG$14,5,IFERROR(IF(SIGN(VALUE(LEFT(AG8,FIND("x",AG8)-1))-VALUE(MID(AG8,FIND("x",AG8)+1,99)))=SIGN(VALUE(LEFT(AG$14,FIND("x",AG$14)-1))-VALUE(MID(AG$14,FIND("x",AG$14)+1,99))),IF(VALUE(LEFT(AG$14,FIND("x",AG$14)-1))=VALUE(MID(AG$14,FIND("x",AG$14)+1,99)),1,2),0),0))))&" ("&SUM(IF(AND(AD8<>"",AD8=AD$14),1,0),IF(AND(AE8<>"",AE8=AE$14),1,0),IF(AND(AF8<>"",AF8=AF$14),1,0),IF(AND(AG8<>"",AG8=AG$14),1,0))&")")
A9: Gabriel Mendes | B9: 2x1 | C9: 1x1 | D9: =IF(COUNTA(B9:C9)=0,"",SUM(IF(OR(B9="",B$25=""),0,IF(B9=B$25,5,IFERROR(IF(SIGN(VALUE(LEFT(B9,FIND("x",B9)-1))-VALUE(MID(B9,FIND("x",B9)+1,99)))=SIGN(VALUE(LEFT(B$25,FIND("x",B$25)-1))-VALUE(MID(B$25,FIND("x",B$25)+1,99))),IF(VALUE(LEFT(B$25,FIND("x",B$25)-1))=VALUE(MID(B$25,FIND("x",B$25)+1,99)),1,2),0),0))),IF(OR(C9="",C$25=""),0,IF(C9=C$25,5,IFERROR(IF(SIGN(VALUE(LEFT(C9,FIND("x",C9)-1))-VALUE(MID(C9,FIND("x",C9)+1,99)))=SIGN(VALUE(LEFT(C$25,FIND("x",C$25)-1))-VALUE(MID(C$25,FIND("x",C$25)+1,99))),IF(VALUE(LEFT(C$25,FIND("x",C$25)-1))=VALUE(MID(C$25,FIND("x",C$25)+1,99)),1,2),0),0))))&" ("&SUM(IF(AND(B9<>"",B9=B$25),1,0),IF(AND(C9<>"",C9=C$25),1,0))&")") -> 2 (0) | H9: Gabriel Mendes | I9: 1x1 | J9: 1x0 | K9: =IF(COUNTA(I9:J9)=0,"",SUM(IF(OR(I9="",I$25=""),0,IF(I9=I$25,5,IFERROR(IF(SIGN(VALUE(LEFT(I9,FIND("x",I9)-1))-VALUE(MID(I9,FIND("x",I9)+1,99)))=SIGN(VALUE(LEFT(I$25,FIND("x",I$25)-1))-VALUE(MID(I$25,FIND("x",I$25)+1,99))),IF(VALUE(LEFT(I$25,FIND("x",I$25)-1))=VALUE(MID(I$25,FIND("x",I$25)+1,99)),1,2),0),0))),IF(OR(J9="",J$25=""),0,IF(J9=J$25,5,IFERROR(IF(SIGN(VALUE(LEFT(J9,FIND("x",J9)-1))-VALUE(MID(J9,FIND("x",J9)+1,99)))=SIGN(VALUE(LEFT(J$25,FIND("x",J$25)-1))-VALUE(MID(J$25,FIND("x",J$25)+1,99))),IF(VALUE(LEFT(J$25,FIND("x",J$25)-1))=VALUE(MID(J$25,FIND("x",J$25)+1,99)),1,2),0),0))))&" ("&SUM(IF(AND(I9<>"",I9=I$25),1,0),IF(AND(J9<>"",J9=J$25),1,0))&")") -> 7 (1) | M9: 22:00 Haiti x Escócia | O9: Gabriel Mendes | P9: 0x2 | Q9: 1x1 | R9: 1x3 | S9: 0x2 | T9: =IF(COUNTA(P9:S9)=0,"",SUM(IF(OR(P9="",P$25=""),0,IF(P9=P$25,5,IFERROR(IF(SIGN(VALUE(LEFT(P9,FIND("x",P9)-1))-VALUE(MID(P9,FIND("x",P9)+1,99)))=SIGN(VALUE(LEFT(P$25,FIND("x",P$25)-1))-VALUE(MID(P$25,FIND("x",P$25)+1,99))),IF(VALUE(LEFT(P$25,FIND("x",P$25)-1))=VALUE(MID(P$25,FIND("x",P$25)+1,99)),1,2),0),0))),IF(OR(Q9="",Q$25=""),0,IF(Q9=Q$25,5,IFERROR(IF(SIGN(VALUE(LEFT(Q9,FIND("x",Q9)-1))-VALUE(MID(Q9,FIND("x",Q9)+1,99)))=SIGN(VALUE(LEFT(Q$25,FIND("x",Q$25)-1))-VALUE(MID(Q$25,FIND("x",Q$25)+1,99))),IF(VALUE(LEFT(Q$25,FIND("x",Q$25)-1))=VALUE(MID(Q$25,FIND("x",Q$25)+1,99)),1,2),0),0))),IF(OR(R9="",R$25=""),0,IF(R9=R$25,5,IFERROR(IF(SIGN(VALUE(LEFT(R9,FIND("x",R9)-1))-VALUE(MID(R9,FIND("x",R9)+1,99)))=SIGN(VALUE(LEFT(R$25,FIND("x",R$25)-1))-VALUE(MID(R$25,FIND("x",R$25)+1,99))),IF(VALUE(LEFT(R$25,FIND("x",R$25)-1))=VALUE(MID(R$25,FIND("x",R$25)+1,99)),1,2),0),0))),IF(OR(S9="",S$25=""),0,IF(S9=S$25,5,IFERROR(IF(SIGN(VALUE(LEFT(S9,FIND("x",S9)-1))-VALUE(MID(S9,FIND("x",S9)+1,99)))=SIGN(VALUE(LEFT(S$25,FIND("x",S$25)-1))-VALUE(MID(S$25,FIND("x",S$25)+1,99))),IF(VALUE(LEFT(S$25,FIND("x",S$25)-1))=VALUE(MID(S$25,FIND("x",S$25)+1,99)),1,2),0),0))))&" ("&SUM(IF(AND(P9<>"",P9=P$25),1,0),IF(AND(Q9<>"",Q9=Q$25),1,0),IF(AND(R9<>"",R9=R$25),1,0),IF(AND(S9<>"",S9=S$25),1,0))&")") -> 7 (1) | V9: Gabriel Mendes | AA9: =IF(COUNTA(W9:Z9)=0,"",SUM(IF(OR(W9="",W$25=""),0,IF(W9=W$25,5,IFERROR(IF(SIGN(VALUE(LEFT(W9,FIND("x",W9)-1))-VALUE(MID(W9,FIND("x",W9)+1,99)))=SIGN(VALUE(LEFT(W$25,FIND("x",W$25)-1))-VALUE(MID(W$25,FIND("x",W$25)+1,99))),IF(VALUE(LEFT(W$25,FIND("x",W$25)-1))=VALUE(MID(W$25,FIND("x",W$25)+1,99)),1,2),0),0))),IF(OR(X9="",X$25=""),0,IF(X9=X$25,5,IFERROR(IF(SIGN(VALUE(LEFT(X9,FIND("x",X9)-1))-VALUE(MID(X9,FIND("x",X9)+1,99)))=SIGN(VALUE(LEFT(X$25,FIND("x",X$25)-1))-VALUE(MID(X$25,FIND("x",X$25)+1,99))),IF(VALUE(LEFT(X$25,FIND("x",X$25)-1))=VALUE(MID(X$25,FIND("x",X$25)+1,99)),1,2),0),0))),IF(OR(Y9="",Y$25=""),0,IF(Y9=Y$25,5,IFERROR(IF(SIGN(VALUE(LEFT(Y9,FIND("x",Y9)-1))-VALUE(MID(Y9,FIND("x",Y9)+1,99)))=SIGN(VALUE(LEFT(Y$25,FIND("x",Y$25)-1))-VALUE(MID(Y$25,FIND("x",Y$25)+1,99))),IF(VALUE(LEFT(Y$25,FIND("x",Y$25)-1))=VALUE(MID(Y$25,FIND("x",Y$25)+1,99)),1,2),0),0))),IF(OR(Z9="",Z$25=""),0,IF(Z9=Z$25,5,IFERROR(IF(SIGN(VALUE(LEFT(Z9,FIND("x",Z9)-1))-VALUE(MID(Z9,FIND("x",Z9)+1,99)))=SIGN(VALUE(LEFT(Z$25,FIND("x",Z$25)-1))-VALUE(MID(Z$25,FIND("x",Z$25)+1,99))),IF(VALUE(LEFT(Z$25,FIND("x",Z$25)-1))=VALUE(MID(Z$25,FIND("x",Z$25)+1,99)),1,2),0),0))))&" ("&SUM(IF(AND(W9<>"",W9=W$25),1,0),IF(AND(X9<>"",X9=X$25),1,0),IF(AND(Y9<>"",Y9=Y$25),1,0),IF(AND(Z9<>"",Z9=Z$25),1,0))&")") | AC9: Maria Clara | AH9: =IF(COUNTA(AD9:AG9)=0,"",SUM(IF(OR(AD9="",AD$14=""),0,IF(AD9=AD$14,5,IFERROR(IF(SIGN(VALUE(LEFT(AD9,FIND("x",AD9)-1))-VALUE(MID(AD9,FIND("x",AD9)+1,99)))=SIGN(VALUE(LEFT(AD$14,FIND("x",AD$14)-1))-VALUE(MID(AD$14,FIND("x",AD$14)+1,99))),IF(VALUE(LEFT(AD$14,FIND("x",AD$14)-1))=VALUE(MID(AD$14,FIND("x",AD$14)+1,99)),1,2),0),0))),IF(OR(AE9="",AE$14=""),0,IF(AE9=AE$14,5,IFERROR(IF(SIGN(VALUE(LEFT(AE9,FIND("x",AE9)-1))-VALUE(MID(AE9,FIND("x",AE9)+1,99)))=SIGN(VALUE(LEFT(AE$14,FIND("x",AE$14)-1))-VALUE(MID(AE$14,FIND("x",AE$14)+1,99))),IF(VALUE(LEFT(AE$14,FIND("x",AE$14)-1))=VALUE(MID(AE$14,FIND("x",AE$14)+1,99)),1,2),0),0))),IF(OR(AF9="",AF$14=""),0,IF(AF9=AF$14,5,IFERROR(IF(SIGN(VALUE(LEFT(AF9,FIND("x",AF9)-1))-VALUE(MID(AF9,FIND("x",AF9)+1,99)))=SIGN(VALUE(LEFT(AF$14,FIND("x",AF$14)-1))-VALUE(MID(AF$14,FIND("x",AF$14)+1,99))),IF(VALUE(LEFT(AF$14,FIND("x",AF$14)-1))=VALUE(MID(AF$14,FIND("x",AF$14)+1,99)),1,2),0),0))),IF(OR(AG9="",AG$14=""),0,IF(AG9=AG$14,5,IFERROR(IF(SIGN(VALUE(LEFT(AG9,FIND("x",AG9)-1))-VALUE(MID(AG9,FIND("x",AG9)+1,99)))=SIGN(VALUE(LEFT(AG$14,FIND("x",AG$14)-1))-VALUE(MID(AG$14,FIND("x",AG$14)+1,99))),IF(VALUE(LEFT(AG$14,FIND("x",AG$14)-1))=VALUE(MID(AG$14,FIND("x",AG$14)+1,99)),1,2),0),0))))&" ("&SUM(IF(AND(AD9<>"",AD9=AD$14),1,0),IF(AND(AE9<>"",AE9=AE$14),1,0),IF(AND(AF9<>"",AF9=AF$14),1,0),IF(AND(AG9<>"",AG9=AG$14),1,0))&")")
A10: Guilherme Valadares | B10: 1x1 | C10: 0x1 | D10: =IF(COUNTA(B10:C10)=0,"",SUM(IF(OR(B10="",B$25=""),0,IF(B10=B$25,5,IFERROR(IF(SIGN(VALUE(LEFT(B10,FIND("x",B10)-1))-VALUE(MID(B10,FIND("x",B10)+1,99)))=SIGN(VALUE(LEFT(B$25,FIND("x",B$25)-1))-VALUE(MID(B$25,FIND("x",B$25)+1,99))),IF(VALUE(LEFT(B$25,FIND("x",B$25)-1))=VALUE(MID(B$25,FIND("x",B$25)+1,99)),1,2),0),0))),IF(OR(C10="",C$25=""),0,IF(C10=C$25,5,IFERROR(IF(SIGN(VALUE(LEFT(C10,FIND("x",C10)-1))-VALUE(MID(C10,FIND("x",C10)+1,99)))=SIGN(VALUE(LEFT(C$25,FIND("x",C$25)-1))-VALUE(MID(C$25,FIND("x",C$25)+1,99))),IF(VALUE(LEFT(C$25,FIND("x",C$25)-1))=VALUE(MID(C$25,FIND("x",C$25)+1,99)),1,2),0),0))))&" ("&SUM(IF(AND(B10<>"",B10=B$25),1,0),IF(AND(C10<>"",C10=C$25),1,0))&")") -> 0 (0) | H10: Guilherme Valadares | I10: 1x1 | J10: 1x2 | K10: =IF(COUNTA(I10:J10)=0,"",SUM(IF(OR(I10="",I$25=""),0,IF(I10=I$25,5,IFERROR(IF(SIGN(VALUE(LEFT(I10,FIND("x",I10)-1))-VALUE(MID(I10,FIND("x",I10)+1,99)))=SIGN(VALUE(LEFT(I$25,FIND("x",I$25)-1))-VALUE(MID(I$25,FIND("x",I$25)+1,99))),IF(VALUE(LEFT(I$25,FIND("x",I$25)-1))=VALUE(MID(I$25,FIND("x",I$25)+1,99)),1,2),0),0))),IF(OR(J10="",J$25=""),0,IF(J10=J$25,5,IFERROR(IF(SIGN(VALUE(LEFT(J10,FIND("x",J10)-1))-VALUE(MID(J10,FIND("x",J10)+1,99)))=SIGN(VALUE(LEFT(J$25,FIND("x",J$25)-1))-VALUE(MID(J$25,FIND("x",J$25)+1,99))),IF(VALUE(LEFT(J$25,FIND("x",J$25)-1))=VALUE(MID(J$25,FIND("x",J$25)+1,99)),1,2),0),0))))&" ("&SUM(IF(AND(I10<>"",I10=I$25),1,0),IF(AND(J10<>"",J10=J$25),1,0))&")") -> 5 (1) | M10: 01:00 Austrália x Turquia | O10: Guilherme Valadares | P10: 0x3 | Q10: 1x1 | R10: 0x4 | S10: 1x3 | T10: =IF(COUNTA(P10:S10)=0,"",SUM(IF(OR(P10="",P$25=""),0,IF(P10=P$25,5,IFERROR(IF(SIGN(VALUE(LEFT(P10,FIND("x",P10)-1))-VALUE(MID(P10,FIND("x",P10)+1,99)))=SIGN(VALUE(LEFT(P$25,FIND("x",P$25)-1))-VALUE(MID(P$25,FIND("x",P$25)+1,99))),IF(VALUE(LEFT(P$25,FIND("x",P$25)-1))=VALUE(MID(P$25,FIND("x",P$25)+1,99)),1,2),0),0))),IF(OR(Q10="",Q$25=""),0,IF(Q10=Q$25,5,IFERROR(IF(SIGN(VALUE(LEFT(Q10,FIND("x",Q10)-1))-VALUE(MID(Q10,FIND("x",Q10)+1,99)))=SIGN(VALUE(LEFT(Q$25,FIND("x",Q$25)-1))-VALUE(MID(Q$25,FIND("x",Q$25)+1,99))),IF(VALUE(LEFT(Q$25,FIND("x",Q$25)-1))=VALUE(MID(Q$25,FIND("x",Q$25)+1,99)),1,2),0),0))),IF(OR(R10="",R$25=""),0,IF(R10=R$25,5,IFERROR(IF(SIGN(VALUE(LEFT(R10,FIND("x",R10)-1))-VALUE(MID(R10,FIND("x",R10)+1,99)))=SIGN(VALUE(LEFT(R$25,FIND("x",R$25)-1))-VALUE(MID(R$25,FIND("x",R$25)+1,99))),IF(VALUE(LEFT(R$25,FIND("x",R$25)-1))=VALUE(MID(R$25,FIND("x",R$25)+1,99)),1,2),0),0))),IF(OR(S10="",S$25=""),0,IF(S10=S$25,5,IFERROR(IF(SIGN(VALUE(LEFT(S10,FIND("x",S10)-1))-VALUE(MID(S10,FIND("x",S10)+1,99)))=SIGN(VALUE(LEFT(S$25,FIND("x",S$25)-1))-VALUE(MID(S$25,FIND("x",S$25)+1,99))),IF(VALUE(LEFT(S$25,FIND("x",S$25)-1))=VALUE(MID(S$25,FIND("x",S$25)+1,99)),1,2),0),0))))&" ("&SUM(IF(AND(P10<>"",P10=P$25),1,0),IF(AND(Q10<>"",Q10=Q$25),1,0),IF(AND(R10<>"",R10=R$25),1,0),IF(AND(S10<>"",S10=S$25),1,0))&")") -> 7 (1) | V10: Guilherme Valadares | AA10: =IF(COUNTA(W10:Z10)=0,"",SUM(IF(OR(W10="",W$25=""),0,IF(W10=W$25,5,IFERROR(IF(SIGN(VALUE(LEFT(W10,FIND("x",W10)-1))-VALUE(MID(W10,FIND("x",W10)+1,99)))=SIGN(VALUE(LEFT(W$25,FIND("x",W$25)-1))-VALUE(MID(W$25,FIND("x",W$25)+1,99))),IF(VALUE(LEFT(W$25,FIND("x",W$25)-1))=VALUE(MID(W$25,FIND("x",W$25)+1,99)),1,2),0),0))),IF(OR(X10="",X$25=""),0,IF(X10=X$25,5,IFERROR(IF(SIGN(VALUE(LEFT(X10,FIND("x",X10)-1))-VALUE(MID(X10,FIND("x",X10)+1,99)))=SIGN(VALUE(LEFT(X$25,FIND("x",X$25)-1))-VALUE(MID(X$25,FIND("x",X$25)+1,99))),IF(VALUE(LEFT(X$25,FIND("x",X$25)-1))=VALUE(MID(X$25,FIND("x",X$25)+1,99)),1,2),0),0))),IF(OR(Y10="",Y$25=""),0,IF(Y10=Y$25,5,IFERROR(IF(SIGN(VALUE(LEFT(Y10,FIND("x",Y10)-1))-VALUE(MID(Y10,FIND("x",Y10)+1,99)))=SIGN(VALUE(LEFT(Y$25,FIND("x",Y$25)-1))-VALUE(MID(Y$25,FIND("x",Y$25)+1,99))),IF(VALUE(LEFT(Y$25,FIND("x",Y$25)-1))=VALUE(MID(Y$25,FIND("x",Y$25)+1,99)),1,2),0),0))),IF(OR(Z10="",Z$25=""),0,IF(Z10=Z$25,5,IFERROR(IF(SIGN(VALUE(LEFT(Z10,FIND("x",Z10)-1))-VALUE(MID(Z10,FIND("x",Z10)+1,99)))=SIGN(VALUE(LEFT(Z$25,FIND("x",Z$25)-1))-VALUE(MID(Z$25,FIND("x",Z$25)+1,99))),IF(VALUE(LEFT(Z$25,FIND("x",Z$25)-1))=VALUE(MID(Z$25,FIND("x",Z$25)+1,99)),1,2),0),0))))&" ("&SUM(IF(AND(W10<>"",W10=W$25),1,0),IF(AND(X10<>"",X10=X$25),1,0),IF(AND(Y10<>"",Y10=Y$25),1,0),IF(AND(Z10<>"",Z10=Z$25),1,0))&")") | AC10: Nicolas | AH10: =IF(COUNTA(AD10:AG10)=0,"",SUM(IF(OR(AD10="",AD$14=""),0,IF(AD10=AD$14,5,IFERROR(IF(SIGN(VALUE(LEFT(AD10,FIND("x",AD10)-1))-VALUE(MID(AD10,FIND("x",AD10)+1,99)))=SIGN(VALUE(LEFT(AD$14,FIND("x",AD$14)-1))-VALUE(MID(AD$14,FIND("x",AD$14)+1,99))),IF(VALUE(LEFT(AD$14,FIND("x",AD$14)-1))=VALUE(MID(AD$14,FIND("x",AD$14)+1,99)),1,2),0),0))),IF(OR(AE10="",AE$14=""),0,IF(AE10=AE$14,5,IFERROR(IF(SIGN(VALUE(LEFT(AE10,FIND("x",AE10)-1))-VALUE(MID(AE10,FIND("x",AE10)+1,99)))=SIGN(VALUE(LEFT(AE$14,FIND("x",AE$14)-1))-VALUE(MID(AE$14,FIND("x",AE$14)+1,99))),IF(VALUE(LEFT(AE$14,FIND("x",AE$14)-1))=VALUE(MID(AE$14,FIND("x",AE$14)+1,99)),1,2),0),0))),IF(OR(AF10="",AF$14=""),0,IF(AF10=AF$14,5,IFERROR(IF(SIGN(VALUE(LEFT(AF10,FIND("x",AF10)-1))-VALUE(MID(AF10,FIND("x",AF10)+1,99)))=SIGN(VALUE(LEFT(AF$14,FIND("x",AF$14)-1))-VALUE(MID(AF$14,FIND("x",AF$14)+1,99))),IF(VALUE(LEFT(AF$14,FIND("x",AF$14)-1))=VALUE(MID(AF$14,FIND("x",AF$14)+1,99)),1,2),0),0))),IF(OR(AG10="",AG$14=""),0,IF(AG10=AG$14,5,IFERROR(IF(SIGN(VALUE(LEFT(AG10,FIND("x",AG10)-1))-VALUE(MID(AG10,FIND("x",AG10)+1,99)))=SIGN(VALUE(LEFT(AG$14,FIND("x",AG$14)-1))-VALUE(MID(AG$14,FIND("x",AG$14)+1,99))),IF(VALUE(LEFT(AG$14,FIND("x",AG$14)-1))=VALUE(MID(AG$14,FIND("x",AG$14)+1,99)),1,2),0),0))))&" ("&SUM(IF(AND(AD10<>"",AD10=AD$14),1,0),IF(AND(AE10<>"",AE10=AE$14),1,0),IF(AND(AF10<>"",AF10=AF$14),1,0),IF(AND(AG10<>"",AG10=AG$14),1,0))&")")
A11: Karen Milene | B11: 3x1 | C11: 2x0 | D11: =IF(COUNTA(B11:C11)=0,"",SUM(IF(OR(B11="",B$25=""),0,IF(B11=B$25,5,IFERROR(IF(SIGN(VALUE(LEFT(B11,FIND("x",B11)-1))-VALUE(MID(B11,FIND("x",B11)+1,99)))=SIGN(VALUE(LEFT(B$25,FIND("x",B$25)-1))-VALUE(MID(B$25,FIND("x",B$25)+1,99))),IF(VALUE(LEFT(B$25,FIND("x",B$25)-1))=VALUE(MID(B$25,FIND("x",B$25)+1,99)),1,2),0),0))),IF(OR(C11="",C$25=""),0,IF(C11=C$25,5,IFERROR(IF(SIGN(VALUE(LEFT(C11,FIND("x",C11)-1))-VALUE(MID(C11,FIND("x",C11)+1,99)))=SIGN(VALUE(LEFT(C$25,FIND("x",C$25)-1))-VALUE(MID(C$25,FIND("x",C$25)+1,99))),IF(VALUE(LEFT(C$25,FIND("x",C$25)-1))=VALUE(MID(C$25,FIND("x",C$25)+1,99)),1,2),0),0))))&" ("&SUM(IF(AND(B11<>"",B11=B$25),1,0),IF(AND(C11<>"",C11=C$25),1,0))&")") -> 4 (0) | E11: Cravada = 5pts | H11: Karen Milene | I11: 2x1 | J11: 1x1 | K11: =IF(COUNTA(I11:J11)=0,"",SUM(IF(OR(I11="",I$25=""),0,IF(I11=I$25,5,IFERROR(IF(SIGN(VALUE(LEFT(I11,FIND("x",I11)-1))-VALUE(MID(I11,FIND("x",I11)+1,99)))=SIGN(VALUE(LEFT(I$25,FIND("x",I$25)-1))-VALUE(MID(I$25,FIND("x",I$25)+1,99))),IF(VALUE(LEFT(I$25,FIND("x",I$25)-1))=VALUE(MID(I$25,FIND("x",I$25)+1,99)),1,2),0),0))),IF(OR(J11="",J$25=""),0,IF(J11=J$25,5,IFERROR(IF(SIGN(VALUE(LEFT(J11,FIND("x",J11)-1))-VALUE(MID(J11,FIND("x",J11)+1,99)))=SIGN(VALUE(LEFT(J$25,FIND("x",J$25)-1))-VALUE(MID(J$25,FIND("x",J$25)+1,99))),IF(VALUE(LEFT(J$25,FIND("x",J$25)-1))=VALUE(MID(J$25,FIND("x",J$25)+1,99)),1,2),0),0))))&" ("&SUM(IF(AND(I11<>"",I11=I$25),1,0),IF(AND(J11<>"",J11=J$25),1,0))&")") -> 0 (0) | O11: Karen Milene | P11: 0x3 | Q11: 3x2 | R11: 1x3 | S11: 2x1 | T11: =IF(COUNTA(P11:S11)=0,"",SUM(IF(OR(P11="",P$25=""),0,IF(P11=P$25,5,IFERROR(IF(SIGN(VALUE(LEFT(P11,FIND("x",P11)-1))-VALUE(MID(P11,FIND("x",P11)+1,99)))=SIGN(VALUE(LEFT(P$25,FIND("x",P$25)-1))-VALUE(MID(P$25,FIND("x",P$25)+1,99))),IF(VALUE(LEFT(P$25,FIND("x",P$25)-1))=VALUE(MID(P$25,FIND("x",P$25)+1,99)),1,2),0),0))),IF(OR(Q11="",Q$25=""),0,IF(Q11=Q$25,5,IFERROR(IF(SIGN(VALUE(LEFT(Q11,FIND("x",Q11)-1))-VALUE(MID(Q11,FIND("x",Q11)+1,99)))=SIGN(VALUE(LEFT(Q$25,FIND("x",Q$25)-1))-VALUE(MID(Q$25,FIND("x",Q$25)+1,99))),IF(VALUE(LEFT(Q$25,FIND("x",Q$25)-1))=VALUE(MID(Q$25,FIND("x",Q$25)+1,99)),1,2),0),0))),IF(OR(R11="",R$25=""),0,IF(R11=R$25,5,IFERROR(IF(SIGN(VALUE(LEFT(R11,FIND("x",R11)-1))-VALUE(MID(R11,FIND("x",R11)+1,99)))=SIGN(VALUE(LEFT(R$25,FIND("x",R$25)-1))-VALUE(MID(R$25,FIND("x",R$25)+1,99))),IF(VALUE(LEFT(R$25,FIND("x",R$25)-1))=VALUE(MID(R$25,FIND("x",R$25)+1,99)),1,2),0),0))),IF(OR(S11="",S$25=""),0,IF(S11=S$25,5,IFERROR(IF(SIGN(VALUE(LEFT(S11,FIND("x",S11)-1))-VALUE(MID(S11,FIND("x",S11)+1,99)))=SIGN(VALUE(LEFT(S$25,FIND("x",S$25)-1))-VALUE(MID(S$25,FIND("x",S$25)+1,99))),IF(VALUE(LEFT(S$25,FIND("x",S$25)-1))=VALUE(MID(S$25,FIND("x",S$25)+1,99)),1,2),0),0))))&" ("&SUM(IF(AND(P11<>"",P11=P$25),1,0),IF(AND(Q11<>"",Q11=Q$25),1,0),IF(AND(R11<>"",R11=R$25),1,0),IF(AND(S11<>"",S11=S$25),1,0))&")") -> 4 (0) | V11: Karen Milene | AA11: =IF(COUNTA(W11:Z11)=0,"",SUM(IF(OR(W11="",W$25=""),0,IF(W11=W$25,5,IFERROR(IF(SIGN(VALUE(LEFT(W11,FIND("x",W11)-1))-VALUE(MID(W11,FIND("x",W11)+1,99)))=SIGN(VALUE(LEFT(W$25,FIND("x",W$25)-1))-VALUE(MID(W$25,FIND("x",W$25)+1,99))),IF(VALUE(LEFT(W$25,FIND("x",W$25)-1))=VALUE(MID(W$25,FIND("x",W$25)+1,99)),1,2),0),0))),IF(OR(X11="",X$25=""),0,IF(X11=X$25,5,IFERROR(IF(SIGN(VALUE(LEFT(X11,FIND("x",X11)-1))-VALUE(MID(X11,FIND("x",X11)+1,99)))=SIGN(VALUE(LEFT(X$25,FIND("x",X$25)-1))-VALUE(MID(X$25,FIND("x",X$25)+1,99))),IF(VALUE(LEFT(X$25,FIND("x",X$25)-1))=VALUE(MID(X$25,FIND("x",X$25)+1,99)),1,2),0),0))),IF(OR(Y11="",Y$25=""),0,IF(Y11=Y$25,5,IFERROR(IF(SIGN(VALUE(LEFT(Y11,FIND("x",Y11)-1))-VALUE(MID(Y11,FIND("x",Y11)+1,99)))=SIGN(VALUE(LEFT(Y$25,FIND("x",Y$25)-1))-VALUE(MID(Y$25,FIND("x",Y$25)+1,99))),IF(VALUE(LEFT(Y$25,FIND("x",Y$25)-1))=VALUE(MID(Y$25,FIND("x",Y$25)+1,99)),1,2),0),0))),IF(OR(Z11="",Z$25=""),0,IF(Z11=Z$25,5,IFERROR(IF(SIGN(VALUE(LEFT(Z11,FIND("x",Z11)-1))-VALUE(MID(Z11,FIND("x",Z11)+1,99)))=SIGN(VALUE(LEFT(Z$25,FIND("x",Z$25)-1))-VALUE(MID(Z$25,FIND("x",Z$25)+1,99))),IF(VALUE(LEFT(Z$25,FIND("x",Z$25)-1))=VALUE(MID(Z$25,FIND("x",Z$25)+1,99)),1,2),0),0))))&" ("&SUM(IF(AND(W11<>"",W11=W$25),1,0),IF(AND(X11<>"",X11=X$25),1,0),IF(AND(Y11<>"",Y11=Y$25),1,0),IF(AND(Z11<>"",Z11=Z$25),1,0))&")") | AC11: Victor | AH11: =IF(COUNTA(AD11:AG11)=0,"",SUM(IF(OR(AD11="",AD$14=""),0,IF(AD11=AD$14,5,IFERROR(IF(SIGN(VALUE(LEFT(AD11,FIND("x",AD11)-1))-VALUE(MID(AD11,FIND("x",AD11)+1,99)))=SIGN(VALUE(LEFT(AD$14,FIND("x",AD$14)-1))-VALUE(MID(AD$14,FIND("x",AD$14)+1,99))),IF(VALUE(LEFT(AD$14,FIND("x",AD$14)-1))=VALUE(MID(AD$14,FIND("x",AD$14)+1,99)),1,2),0),0))),IF(OR(AE11="",AE$14=""),0,IF(AE11=AE$14,5,IFERROR(IF(SIGN(VALUE(LEFT(AE11,FIND("x",AE11)-1))-VALUE(MID(AE11,FIND("x",AE11)+1,99)))=SIGN(VALUE(LEFT(AE$14,FIND("x",AE$14)-1))-VALUE(MID(AE$14,FIND("x",AE$14)+1,99))),IF(VALUE(LEFT(AE$14,FIND("x",AE$14)-1))=VALUE(MID(AE$14,FIND("x",AE$14)+1,99)),1,2),0),0))),IF(OR(AF11="",AF$14=""),0,IF(AF11=AF$14,5,IFERROR(IF(SIGN(VALUE(LEFT(AF11,FIND("x",AF11)-1))-VALUE(MID(AF11,FIND("x",AF11)+1,99)))=SIGN(VALUE(LEFT(AF$14,FIND("x",AF$14)-1))-VALUE(MID(AF$14,FIND("x",AF$14)+1,99))),IF(VALUE(LEFT(AF$14,FIND("x",AF$14)-1))=VALUE(MID(AF$14,FIND("x",AF$14)+1,99)),1,2),0),0))),IF(OR(AG11="",AG$14=""),0,IF(AG11=AG$14,5,IFERROR(IF(SIGN(VALUE(LEFT(AG11,FIND("x",AG11)-1))-VALUE(MID(AG11,FIND("x",AG11)+1,99)))=SIGN(VALUE(LEFT(AG$14,FIND("x",AG$14)-1))-VALUE(MID(AG$14,FIND("x",AG$14)+1,99))),IF(VALUE(LEFT(AG$14,FIND("x",AG$14)-1))=VALUE(MID(AG$14,FIND("x",AG$14)+1,99)),1,2),0),0))))&" ("&SUM(IF(AND(AD11<>"",AD11=AD$14),1,0),IF(AND(AE11<>"",AE11=AE$14),1,0),IF(AND(AF11<>"",AF11=AF$14),1,0),IF(AND(AG11<>"",AG11=AG$14),1,0))&")")
A12: Karolyne Azola | B12: 0x1 | C12: 2x1 | D12: =IF(COUNTA(B12:C12)=0,"",SUM(IF(OR(B12="",B$25=""),0,IF(B12=B$25,5,IFERROR(IF(SIGN(VALUE(LEFT(B12,FIND("x",B12)-1))-VALUE(MID(B12,FIND("x",B12)+1,99)))=SIGN(VALUE(LEFT(B$25,FIND("x",B$25)-1))-VALUE(MID(B$25,FIND("x",B$25)+1,99))),IF(VALUE(LEFT(B$25,FIND("x",B$25)-1))=VALUE(MID(B$25,FIND("x",B$25)+1,99)),1,2),0),0))),IF(OR(C12="",C$25=""),0,IF(C12=C$25,5,IFERROR(IF(SIGN(VALUE(LEFT(C12,FIND("x",C12)-1))-VALUE(MID(C12,FIND("x",C12)+1,99)))=SIGN(VALUE(LEFT(C$25,FIND("x",C$25)-1))-VALUE(MID(C$25,FIND("x",C$25)+1,99))),IF(VALUE(LEFT(C$25,FIND("x",C$25)-1))=VALUE(MID(C$25,FIND("x",C$25)+1,99)),1,2),0),0))))&" ("&SUM(IF(AND(B12<>"",B12=B$25),1,0),IF(AND(C12<>"",C12=C$25),1,0))&")") -> 5 (1) | E12: Placar/vencedor = 2pts | H12: Karolyne Azola | I12: 1x2 | J12: 1x1 | K12: =IF(COUNTA(I12:J12)=0,"",SUM(IF(OR(I12="",I$25=""),0,IF(I12=I$25,5,IFERROR(IF(SIGN(VALUE(LEFT(I12,FIND("x",I12)-1))-VALUE(MID(I12,FIND("x",I12)+1,99)))=SIGN(VALUE(LEFT(I$25,FIND("x",I$25)-1))-VALUE(MID(I$25,FIND("x",I$25)+1,99))),IF(VALUE(LEFT(I$25,FIND("x",I$25)-1))=VALUE(MID(I$25,FIND("x",I$25)+1,99)),1,2),0),0))),IF(OR(J12="",J$25=""),0,IF(J12=J$25,5,IFERROR(IF(SIGN(VALUE(LEFT(J12,FIND("x",J12)-1))-VALUE(MID(J12,FIND("x",J12)+1,99)))=SIGN(VALUE(LEFT(J$25,FIND("x",J$25)-1))-VALUE(MID(J$25,FIND("x",J$25)+1,99))),IF(VALUE(LEFT(J$25,FIND("x",J$25)-1))=VALUE(MID(J$25,FIND("x",J$25)+1,99)),1,2),0),0))))&" ("&SUM(IF(AND(I12<>"",I12=I$25),1,0),IF(AND(J12<>"",J12=J$25),1,0))&")") -> 0 (0) | O12: Karolyne Azola | P12: 1x3 | Q12: 2x1 | R12: 1x3 | S12: 1x1 | T12: =IF(COUNTA(P12:S12)=0,"",SUM(IF(OR(P12="",P$25=""),0,IF(P12=P$25,5,IFERROR(IF(SIGN(VALUE(LEFT(P12,FIND("x",P12)-1))-VALUE(MID(P12,FIND("x",P12)+1,99)))=SIGN(VALUE(LEFT(P$25,FIND("x",P$25)-1))-VALUE(MID(P$25,FIND("x",P$25)+1,99))),IF(VALUE(LEFT(P$25,FIND("x",P$25)-1))=VALUE(MID(P$25,FIND("x",P$25)+1,99)),1,2),0),0))),IF(OR(Q12="",Q$25=""),0,IF(Q12=Q$25,5,IFERROR(IF(SIGN(VALUE(LEFT(Q12,FIND("x",Q12)-1))-VALUE(MID(Q12,FIND("x",Q12)+1,99)))=SIGN(VALUE(LEFT(Q$25,FIND("x",Q$25)-1))-VALUE(MID(Q$25,FIND("x",Q$25)+1,99))),IF(VALUE(LEFT(Q$25,FIND("x",Q$25)-1))=VALUE(MID(Q$25,FIND("x",Q$25)+1,99)),1,2),0),0))),IF(OR(R12="",R$25=""),0,IF(R12=R$25,5,IFERROR(IF(SIGN(VALUE(LEFT(R12,FIND("x",R12)-1))-VALUE(MID(R12,FIND("x",R12)+1,99)))=SIGN(VALUE(LEFT(R$25,FIND("x",R$25)-1))-VALUE(MID(R$25,FIND("x",R$25)+1,99))),IF(VALUE(LEFT(R$25,FIND("x",R$25)-1))=VALUE(MID(R$25,FIND("x",R$25)+1,99)),1,2),0),0))),IF(OR(S12="",S$25=""),0,IF(S12=S$25,5,IFERROR(IF(SIGN(VALUE(LEFT(S12,FIND("x",S12)-1))-VALUE(MID(S12,FIND("x",S12)+1,99)))=SIGN(VALUE(LEFT(S$25,FIND("x",S$25)-1))-VALUE(MID(S$25,FIND("x",S$25)+1,99))),IF(VALUE(LEFT(S$25,FIND("x",S$25)-1))=VALUE(MID(S$25,FIND("x",S$25)+1,99)),1,2),0),0))))&" ("&SUM(IF(AND(P12<>"",P12=P$25),1,0),IF(AND(Q12<>"",Q12=Q$25),1,0),IF(AND(R12<>"",R12=R$25),1,0),IF(AND(S12<>"",S12=S$25),1,0))&")") -> 2 (0) | V12: Karolyne Azola | AA12: =IF(COUNTA(W12:Z12)=0,"",SUM(IF(OR(W12="",W$25=""),0,IF(W12=W$25,5,IFERROR(IF(SIGN(VALUE(LEFT(W12,FIND("x",W12)-1))-VALUE(MID(W12,FIND("x",W12)+1,99)))=SIGN(VALUE(LEFT(W$25,FIND("x",W$25)-1))-VALUE(MID(W$25,FIND("x",W$25)+1,99))),IF(VALUE(LEFT(W$25,FIND("x",W$25)-1))=VALUE(MID(W$25,FIND("x",W$25)+1,99)),1,2),0),0))),IF(OR(X12="",X$25=""),0,IF(X12=X$25,5,IFERROR(IF(SIGN(VALUE(LEFT(X12,FIND("x",X12)-1))-VALUE(MID(X12,FIND("x",X12)+1,99)))=SIGN(VALUE(LEFT(X$25,FIND("x",X$25)-1))-VALUE(MID(X$25,FIND("x",X$25)+1,99))),IF(VALUE(LEFT(X$25,FIND("x",X$25)-1))=VALUE(MID(X$25,FIND("x",X$25)+1,99)),1,2),0),0))),IF(OR(Y12="",Y$25=""),0,IF(Y12=Y$25,5,IFERROR(IF(SIGN(VALUE(LEFT(Y12,FIND("x",Y12)-1))-VALUE(MID(Y12,FIND("x",Y12)+1,99)))=SIGN(VALUE(LEFT(Y$25,FIND("x",Y$25)-1))-VALUE(MID(Y$25,FIND("x",Y$25)+1,99))),IF(VALUE(LEFT(Y$25,FIND("x",Y$25)-1))=VALUE(MID(Y$25,FIND("x",Y$25)+1,99)),1,2),0),0))),IF(OR(Z12="",Z$25=""),0,IF(Z12=Z$25,5,IFERROR(IF(SIGN(VALUE(LEFT(Z12,FIND("x",Z12)-1))-VALUE(MID(Z12,FIND("x",Z12)+1,99)))=SIGN(VALUE(LEFT(Z$25,FIND("x",Z$25)-1))-VALUE(MID(Z$25,FIND("x",Z$25)+1,99))),IF(VALUE(LEFT(Z$25,FIND("x",Z$25)-1))=VALUE(MID(Z$25,FIND("x",Z$25)+1,99)),1,2),0),0))))&" ("&SUM(IF(AND(W12<>"",W12=W$25),1,0),IF(AND(X12<>"",X12=X$25),1,0),IF(AND(Y12<>"",Y12=Y$25),1,0),IF(AND(Z12<>"",Z12=Z$25),1,0))&")") | AC12: Vinicius | AH12: =IF(COUNTA(AD12:AG12)=0,"",SUM(IF(OR(AD12="",AD$14=""),0,IF(AD12=AD$14,5,IFERROR(IF(SIGN(VALUE(LEFT(AD12,FIND("x",AD12)-1))-VALUE(MID(AD12,FIND("x",AD12)+1,99)))=SIGN(VALUE(LEFT(AD$14,FIND("x",AD$14)-1))-VALUE(MID(AD$14,FIND("x",AD$14)+1,99))),IF(VALUE(LEFT(AD$14,FIND("x",AD$14)-1))=VALUE(MID(AD$14,FIND("x",AD$14)+1,99)),1,2),0),0))),IF(OR(AE12="",AE$14=""),0,IF(AE12=AE$14,5,IFERROR(IF(SIGN(VALUE(LEFT(AE12,FIND("x",AE12)-1))-VALUE(MID(AE12,FIND("x",AE12)+1,99)))=SIGN(VALUE(LEFT(AE$14,FIND("x",AE$14)-1))-VALUE(MID(AE$14,FIND("x",AE$14)+1,99))),IF(VALUE(LEFT(AE$14,FIND("x",AE$14)-1))=VALUE(MID(AE$14,FIND("x",AE$14)+1,99)),1,2),0),0))),IF(OR(AF12="",AF$14=""),0,IF(AF12=AF$14,5,IFERROR(IF(SIGN(VALUE(LEFT(AF12,FIND("x",AF12)-1))-VALUE(MID(AF12,FIND("x",AF12)+1,99)))=SIGN(VALUE(LEFT(AF$14,FIND("x",AF$14)-1))-VALUE(MID(AF$14,FIND("x",AF$14)+1,99))),IF(VALUE(LEFT(AF$14,FIND("x",AF$14)-1))=VALUE(MID(AF$14,FIND("x",AF$14)+1,99)),1,2),0),0))),IF(OR(AG12="",AG$14=""),0,IF(AG12=AG$14,5,IFERROR(IF(SIGN(VALUE(LEFT(AG12,FIND("x",AG12)-1))-VALUE(MID(AG12,FIND("x",AG12)+1,99)))=SIGN(VALUE(LEFT(AG$14,FIND("x",AG$14)-1))-VALUE(MID(AG$14,FIND("x",AG$14)+1,99))),IF(VALUE(LEFT(AG$14,FIND("x",AG$14)-1))=VALUE(MID(AG$14,FIND("x",AG$14)+1,99)),1,2),0),0))))&" ("&SUM(IF(AND(AD12<>"",AD12=AD$14),1,0),IF(AND(AE12<>"",AE12=AE$14),1,0),IF(AND(AF12<>"",AF12=AF$14),1,0),IF(AND(AG12<>"",AG12=AG$14),1,0))&")")
A13: Lucas de Morais | B13: 2x0 | C13: 1x1 | D13: =IF(COUNTA(B13:C13)=0,"",SUM(IF(OR(B13="",B$25=""),0,IF(B13=B$25,5,IFERROR(IF(SIGN(VALUE(LEFT(B13,FIND("x",B13)-1))-VALUE(MID(B13,FIND("x",B13)+1,99)))=SIGN(VALUE(LEFT(B$25,FIND("x",B$25)-1))-VALUE(MID(B$25,FIND("x",B$25)+1,99))),IF(VALUE(LEFT(B$25,FIND("x",B$25)-1))=VALUE(MID(B$25,FIND("x",B$25)+1,99)),1,2),0),0))),IF(OR(C13="",C$25=""),0,IF(C13=C$25,5,IFERROR(IF(SIGN(VALUE(LEFT(C13,FIND("x",C13)-1))-VALUE(MID(C13,FIND("x",C13)+1,99)))=SIGN(VALUE(LEFT(C$25,FIND("x",C$25)-1))-VALUE(MID(C$25,FIND("x",C$25)+1,99))),IF(VALUE(LEFT(C$25,FIND("x",C$25)-1))=VALUE(MID(C$25,FIND("x",C$25)+1,99)),1,2),0),0))))&" ("&SUM(IF(AND(B13<>"",B13=B$25),1,0),IF(AND(C13<>"",C13=C$25),1,0))&")") -> 5 (1) | H13: Lucas de Morais | I13: 1x0 | J13: 1x0 | K13: =IF(COUNTA(I13:J13)=0,"",SUM(IF(OR(I13="",I$25=""),0,IF(I13=I$25,5,IFERROR(IF(SIGN(VALUE(LEFT(I13,FIND("x",I13)-1))-VALUE(MID(I13,FIND("x",I13)+1,99)))=SIGN(VALUE(LEFT(I$25,FIND("x",I$25)-1))-VALUE(MID(I$25,FIND("x",I$25)+1,99))),IF(VALUE(LEFT(I$25,FIND("x",I$25)-1))=VALUE(MID(I$25,FIND("x",I$25)+1,99)),1,2),0),0))),IF(OR(J13="",J$25=""),0,IF(J13=J$25,5,IFERROR(IF(SIGN(VALUE(LEFT(J13,FIND("x",J13)-1))-VALUE(MID(J13,FIND("x",J13)+1,99)))=SIGN(VALUE(LEFT(J$25,FIND("x",J$25)-1))-VALUE(MID(J$25,FIND("x",J$25)+1,99))),IF(VALUE(LEFT(J$25,FIND("x",J$25)-1))=VALUE(MID(J$25,FIND("x",J$25)+1,99)),1,2),0),0))))&" ("&SUM(IF(AND(I13<>"",I13=I$25),1,0),IF(AND(J13<>"",J13=J$25),1,0))&")") -> 2 (0) | O13: Lucas de Morais | P13: 0x1 | Q13: 2x1 | R13: 2x2 | S13: 1x2 | T13: =IF(COUNTA(P13:S13)=0,"",SUM(IF(OR(P13="",P$25=""),0,IF(P13=P$25,5,IFERROR(IF(SIGN(VALUE(LEFT(P13,FIND("x",P13)-1))-VALUE(MID(P13,FIND("x",P13)+1,99)))=SIGN(VALUE(LEFT(P$25,FIND("x",P$25)-1))-VALUE(MID(P$25,FIND("x",P$25)+1,99))),IF(VALUE(LEFT(P$25,FIND("x",P$25)-1))=VALUE(MID(P$25,FIND("x",P$25)+1,99)),1,2),0),0))),IF(OR(Q13="",Q$25=""),0,IF(Q13=Q$25,5,IFERROR(IF(SIGN(VALUE(LEFT(Q13,FIND("x",Q13)-1))-VALUE(MID(Q13,FIND("x",Q13)+1,99)))=SIGN(VALUE(LEFT(Q$25,FIND("x",Q$25)-1))-VALUE(MID(Q$25,FIND("x",Q$25)+1,99))),IF(VALUE(LEFT(Q$25,FIND("x",Q$25)-1))=VALUE(MID(Q$25,FIND("x",Q$25)+1,99)),1,2),0),0))),IF(OR(R13="",R$25=""),0,IF(R13=R$25,5,IFERROR(IF(SIGN(VALUE(LEFT(R13,FIND("x",R13)-1))-VALUE(MID(R13,FIND("x",R13)+1,99)))=SIGN(VALUE(LEFT(R$25,FIND("x",R$25)-1))-VALUE(MID(R$25,FIND("x",R$25)+1,99))),IF(VALUE(LEFT(R$25,FIND("x",R$25)-1))=VALUE(MID(R$25,FIND("x",R$25)+1,99)),1,2),0),0))),IF(OR(S13="",S$25=""),0,IF(S13=S$25,5,IFERROR(IF(SIGN(VALUE(LEFT(S13,FIND("x",S13)-1))-VALUE(MID(S13,FIND("x",S13)+1,99)))=SIGN(VALUE(LEFT(S$25,FIND("x",S$25)-1))-VALUE(MID(S$25,FIND("x",S$25)+1,99))),IF(VALUE(LEFT(S$25,FIND("x",S$25)-1))=VALUE(MID(S$25,FIND("x",S$25)+1,99)),1,2),0),0))))&" ("&SUM(IF(AND(P13<>"",P13=P$25),1,0),IF(AND(Q13<>"",Q13=Q$25),1,0),IF(AND(R13<>"",R13=R$25),1,0),IF(AND(S13<>"",S13=S$25),1,0))&")") -> 0 (0) | V13: Lucas de Morais | AA13: =IF(COUNTA(W13:Z13)=0,"",SUM(IF(OR(W13="",W$25=""),0,IF(W13=W$25,5,IFERROR(IF(SIGN(VALUE(LEFT(W13,FIND("x",W13)-1))-VALUE(MID(W13,FIND("x",W13)+1,99)))=SIGN(VALUE(LEFT(W$25,FIND("x",W$25)-1))-VALUE(MID(W$25,FIND("x",W$25)+1,99))),IF(VALUE(LEFT(W$25,FIND("x",W$25)-1))=VALUE(MID(W$25,FIND("x",W$25)+1,99)),1,2),0),0))),IF(OR(X13="",X$25=""),0,IF(X13=X$25,5,IFERROR(IF(SIGN(VALUE(LEFT(X13,FIND("x",X13)-1))-VALUE(MID(X13,FIND("x",X13)+1,99)))=SIGN(VALUE(LEFT(X$25,FIND("x",X$25)-1))-VALUE(MID(X$25,FIND("x",X$25)+1,99))),IF(VALUE(LEFT(X$25,FIND("x",X$25)-1))=VALUE(MID(X$25,FIND("x",X$25)+1,99)),1,2),0),0))),IF(OR(Y13="",Y$25=""),0,IF(Y13=Y$25,5,IFERROR(IF(SIGN(VALUE(LEFT(Y13,FIND("x",Y13)-1))-VALUE(MID(Y13,FIND("x",Y13)+1,99)))=SIGN(VALUE(LEFT(Y$25,FIND("x",Y$25)-1))-VALUE(MID(Y$25,FIND("x",Y$25)+1,99))),IF(VALUE(LEFT(Y$25,FIND("x",Y$25)-1))=VALUE(MID(Y$25,FIND("x",Y$25)+1,99)),1,2),0),0))),IF(OR(Z13="",Z$25=""),0,IF(Z13=Z$25,5,IFERROR(IF(SIGN(VALUE(LEFT(Z13,FIND("x",Z13)-1))-VALUE(MID(Z13,FIND("x",Z13)+1,99)))=SIGN(VALUE(LEFT(Z$25,FIND("x",Z$25)-1))-VALUE(MID(Z$25,FIND("x",Z$25)+1,99))),IF(VALUE(LEFT(Z$25,FIND("x",Z$25)-1))=VALUE(MID(Z$25,FIND("x",Z$25)+1,99)),1,2),0),0))))&" ("&SUM(IF(AND(W13<>"",W13=W$25),1,0),IF(AND(X13<>"",X13=X$25),1,0),IF(AND(Y13<>"",Y13=Y$25),1,0),IF(AND(Z13<>"",Z13=Z$25),1,0))&")") | AC13: Vitor | AH13: =IF(COUNTA(AD13:AG13)=0,"",SUM(IF(OR(AD13="",AD$14=""),0,IF(AD13=AD$14,5,IFERROR(IF(SIGN(VALUE(LEFT(AD13,FIND("x",AD13)-1))-VALUE(MID(AD13,FIND("x",AD13)+1,99)))=SIGN(VALUE(LEFT(AD$14,FIND("x",AD$14)-1))-VALUE(MID(AD$14,FIND("x",AD$14)+1,99))),IF(VALUE(LEFT(AD$14,FIND("x",AD$14)-1))=VALUE(MID(AD$14,FIND("x",AD$14)+1,99)),1,2),0),0))),IF(OR(AE13="",AE$14=""),0,IF(AE13=AE$14,5,IFERROR(IF(SIGN(VALUE(LEFT(AE13,FIND("x",AE13)-1))-VALUE(MID(AE13,FIND("x",AE13)+1,99)))=SIGN(VALUE(LEFT(AE$14,FIND("x",AE$14)-1))-VALUE(MID(AE$14,FIND("x",AE$14)+1,99))),IF(VALUE(LEFT(AE$14,FIND("x",AE$14)-1))=VALUE(MID(AE$14,FIND("x",AE$14)+1,99)),1,2),0),0))),IF(OR(AF13="",AF$14=""),0,IF(AF13=AF$14,5,IFERROR(IF(SIGN(VALUE(LEFT(AF13,FIND("x",AF13)-1))-VALUE(MID(AF13,FIND("x",AF13)+1,99)))=SIGN(VALUE(LEFT(AF$14,FIND("x",AF$14)-1))-VALUE(MID(AF$14,FIND("x",AF$14)+1,99))),IF(VALUE(LEFT(AF$14,FIND("x",AF$14)-1))=VALUE(MID(AF$14,FIND("x",AF$14)+1,99)),1,2),0),0))),IF(OR(AG13="",AG$14=""),0,IF(AG13=AG$14,5,IFERROR(IF(SIGN(VALUE(LEFT(AG13,FIND("x",AG13)-1))-VALUE(MID(AG13,FIND("x",AG13)+1,99)))=SIGN(VALUE(LEFT(AG$14,FIND("x",AG$14)-1))-VALUE(MID(AG$14,FIND("x",AG$14)+1,99))),IF(VALUE(LEFT(AG$14,FIND("x",AG$14)-1))=VALUE(MID(AG$14,FIND("x",AG$14)+1,99)),1,2),0),0))))&" ("&SUM(IF(AND(AD13<>"",AD13=AD$14),1,0),IF(AND(AE13<>"",AE13=AE$14),1,0),IF(AND(AF13<>"",AF13=AF$14),1,0),IF(AND(AG13<>"",AG13=AG$14),1,0))&")")
A14: Janiele Cristina | B14: 2x0 | C14: 2x1 | D14: =IF(COUNTA(B14:C14)=0,"",SUM(IF(OR(B14="",B$25=""),0,IF(B14=B$25,5,IFERROR(IF(SIGN(VALUE(LEFT(B14,FIND("x",B14)-1))-VALUE(MID(B14,FIND("x",B14)+1,99)))=SIGN(VALUE(LEFT(B$25,FIND("x",B$25)-1))-VALUE(MID(B$25,FIND("x",B$25)+1,99))),IF(VALUE(LEFT(B$25,FIND("x",B$25)-1))=VALUE(MID(B$25,FIND("x",B$25)+1,99)),1,2),0),0))),IF(OR(C14="",C$25=""),0,IF(C14=C$25,5,IFERROR(IF(SIGN(VALUE(LEFT(C14,FIND("x",C14)-1))-VALUE(MID(C14,FIND("x",C14)+1,99)))=SIGN(VALUE(LEFT(C$25,FIND("x",C$25)-1))-VALUE(MID(C$25,FIND("x",C$25)+1,99))),IF(VALUE(LEFT(C$25,FIND("x",C$25)-1))=VALUE(MID(C$25,FIND("x",C$25)+1,99)),1,2),0),0))))&" ("&SUM(IF(AND(B14<>"",B14=B$25),1,0),IF(AND(C14<>"",C14=C$25),1,0))&")") -> 10 (2) | H14: Janiele Cristina | I14: 2x1 | J14: 2x1 | K14: =IF(COUNTA(I14:J14)=0,"",SUM(IF(OR(I14="",I$25=""),0,IF(I14=I$25,5,IFERROR(IF(SIGN(VALUE(LEFT(I14,FIND("x",I14)-1))-VALUE(MID(I14,FIND("x",I14)+1,99)))=SIGN(VALUE(LEFT(I$25,FIND("x",I$25)-1))-VALUE(MID(I$25,FIND("x",I$25)+1,99))),IF(VALUE(LEFT(I$25,FIND("x",I$25)-1))=VALUE(MID(I$25,FIND("x",I$25)+1,99)),1,2),0),0))),IF(OR(J14="",J$25=""),0,IF(J14=J$25,5,IFERROR(IF(SIGN(VALUE(LEFT(J14,FIND("x",J14)-1))-VALUE(MID(J14,FIND("x",J14)+1,99)))=SIGN(VALUE(LEFT(J$25,FIND("x",J$25)-1))-VALUE(MID(J$25,FIND("x",J$25)+1,99))),IF(VALUE(LEFT(J$25,FIND("x",J$25)-1))=VALUE(MID(J$25,FIND("x",J$25)+1,99)),1,2),0),0))))&" ("&SUM(IF(AND(I14<>"",I14=I$25),1,0),IF(AND(J14<>"",J14=J$25),1,0))&")") -> 2 (0) | O14: Janiele Cristina | P14: 0x2 | Q14: 2x1 | R14: 1x2 | S14: 0x1 | T14: =IF(COUNTA(P14:S14)=0,"",SUM(IF(OR(P14="",P$25=""),0,IF(P14=P$25,5,IFERROR(IF(SIGN(VALUE(LEFT(P14,FIND("x",P14)-1))-VALUE(MID(P14,FIND("x",P14)+1,99)))=SIGN(VALUE(LEFT(P$25,FIND("x",P$25)-1))-VALUE(MID(P$25,FIND("x",P$25)+1,99))),IF(VALUE(LEFT(P$25,FIND("x",P$25)-1))=VALUE(MID(P$25,FIND("x",P$25)+1,99)),1,2),0),0))),IF(OR(Q14="",Q$25=""),0,IF(Q14=Q$25,5,IFERROR(IF(SIGN(VALUE(LEFT(Q14,FIND("x",Q14)-1))-VALUE(MID(Q14,FIND("x",Q14)+1,99)))=SIGN(VALUE(LEFT(Q$25,FIND("x",Q$25)-1))-VALUE(MID(Q$25,FIND("x",Q$25)+1,99))),IF(VALUE(LEFT(Q$25,FIND("x",Q$25)-1))=VALUE(MID(Q$25,FIND("x",Q$25)+1,99)),1,2),0),0))),IF(OR(R14="",R$25=""),0,IF(R14=R$25,5,IFERROR(IF(SIGN(VALUE(LEFT(R14,FIND("x",R14)-1))-VALUE(MID(R14,FIND("x",R14)+1,99)))=SIGN(VALUE(LEFT(R$25,FIND("x",R$25)-1))-VALUE(MID(R$25,FIND("x",R$25)+1,99))),IF(VALUE(LEFT(R$25,FIND("x",R$25)-1))=VALUE(MID(R$25,FIND("x",R$25)+1,99)),1,2),0),0))),IF(OR(S14="",S$25=""),0,IF(S14=S$25,5,IFERROR(IF(SIGN(VALUE(LEFT(S14,FIND("x",S14)-1))-VALUE(MID(S14,FIND("x",S14)+1,99)))=SIGN(VALUE(LEFT(S$25,FIND("x",S$25)-1))-VALUE(MID(S$25,FIND("x",S$25)+1,99))),IF(VALUE(LEFT(S$25,FIND("x",S$25)-1))=VALUE(MID(S$25,FIND("x",S$25)+1,99)),1,2),0),0))))&" ("&SUM(IF(AND(P14<>"",P14=P$25),1,0),IF(AND(Q14<>"",Q14=Q$25),1,0),IF(AND(R14<>"",R14=R$25),1,0),IF(AND(S14<>"",S14=S$25),1,0))&")") -> 2 (0) | V14: Janiele Cristina | AA14: =IF(COUNTA(W14:Z14)=0,"",SUM(IF(OR(W14="",W$25=""),0,IF(W14=W$25,5,IFERROR(IF(SIGN(VALUE(LEFT(W14,FIND("x",W14)-1))-VALUE(MID(W14,FIND("x",W14)+1,99)))=SIGN(VALUE(LEFT(W$25,FIND("x",W$25)-1))-VALUE(MID(W$25,FIND("x",W$25)+1,99))),IF(VALUE(LEFT(W$25,FIND("x",W$25)-1))=VALUE(MID(W$25,FIND("x",W$25)+1,99)),1,2),0),0))),IF(OR(X14="",X$25=""),0,IF(X14=X$25,5,IFERROR(IF(SIGN(VALUE(LEFT(X14,FIND("x",X14)-1))-VALUE(MID(X14,FIND("x",X14)+1,99)))=SIGN(VALUE(LEFT(X$25,FIND("x",X$25)-1))-VALUE(MID(X$25,FIND("x",X$25)+1,99))),IF(VALUE(LEFT(X$25,FIND("x",X$25)-1))=VALUE(MID(X$25,FIND("x",X$25)+1,99)),1,2),0),0))),IF(OR(Y14="",Y$25=""),0,IF(Y14=Y$25,5,IFERROR(IF(SIGN(VALUE(LEFT(Y14,FIND("x",Y14)-1))-VALUE(MID(Y14,FIND("x",Y14)+1,99)))=SIGN(VALUE(LEFT(Y$25,FIND("x",Y$25)-1))-VALUE(MID(Y$25,FIND("x",Y$25)+1,99))),IF(VALUE(LEFT(Y$25,FIND("x",Y$25)-1))=VALUE(MID(Y$25,FIND("x",Y$25)+1,99)),1,2),0),0))),IF(OR(Z14="",Z$25=""),0,IF(Z14=Z$25,5,IFERROR(IF(SIGN(VALUE(LEFT(Z14,FIND("x",Z14)-1))-VALUE(MID(Z14,FIND("x",Z14)+1,99)))=SIGN(VALUE(LEFT(Z$25,FIND("x",Z$25)-1))-VALUE(MID(Z$25,FIND("x",Z$25)+1,99))),IF(VALUE(LEFT(Z$25,FIND("x",Z$25)-1))=VALUE(MID(Z$25,FIND("x",Z$25)+1,99)),1,2),0),0))))&" ("&SUM(IF(AND(W14<>"",W14=W$25),1,0),IF(AND(X14<>"",X14=X$25),1,0),IF(AND(Y14<>"",Y14=Y$25),1,0),IF(AND(Z14<>"",Z14=Z$25),1,0))&")") | AC14: RESULTADO
A15: José Flávio | B15: 2x0 | C15: 1x1 | D15: =IF(COUNTA(B15:C15)=0,"",SUM(IF(OR(B15="",B$25=""),0,IF(B15=B$25,5,IFERROR(IF(SIGN(VALUE(LEFT(B15,FIND("x",B15)-1))-VALUE(MID(B15,FIND("x",B15)+1,99)))=SIGN(VALUE(LEFT(B$25,FIND("x",B$25)-1))-VALUE(MID(B$25,FIND("x",B$25)+1,99))),IF(VALUE(LEFT(B$25,FIND("x",B$25)-1))=VALUE(MID(B$25,FIND("x",B$25)+1,99)),1,2),0),0))),IF(OR(C15="",C$25=""),0,IF(C15=C$25,5,IFERROR(IF(SIGN(VALUE(LEFT(C15,FIND("x",C15)-1))-VALUE(MID(C15,FIND("x",C15)+1,99)))=SIGN(VALUE(LEFT(C$25,FIND("x",C$25)-1))-VALUE(MID(C$25,FIND("x",C$25)+1,99))),IF(VALUE(LEFT(C$25,FIND("x",C$25)-1))=VALUE(MID(C$25,FIND("x",C$25)+1,99)),1,2),0),0))))&" ("&SUM(IF(AND(B15<>"",B15=B$25),1,0),IF(AND(C15<>"",C15=C$25),1,0))&")") -> 5 (1) | H15: José Flávio | I15: 1x0 | J15: 1x0 | K15: =IF(COUNTA(I15:J15)=0,"",SUM(IF(OR(I15="",I$25=""),0,IF(I15=I$25,5,IFERROR(IF(SIGN(VALUE(LEFT(I15,FIND("x",I15)-1))-VALUE(MID(I15,FIND("x",I15)+1,99)))=SIGN(VALUE(LEFT(I$25,FIND("x",I$25)-1))-VALUE(MID(I$25,FIND("x",I$25)+1,99))),IF(VALUE(LEFT(I$25,FIND("x",I$25)-1))=VALUE(MID(I$25,FIND("x",I$25)+1,99)),1,2),0),0))),IF(OR(J15="",J$25=""),0,IF(J15=J$25,5,IFERROR(IF(SIGN(VALUE(LEFT(J15,FIND("x",J15)-1))-VALUE(MID(J15,FIND("x",J15)+1,99)))=SIGN(VALUE(LEFT(J$25,FIND("x",J$25)-1))-VALUE(MID(J$25,FIND("x",J$25)+1,99))),IF(VALUE(LEFT(J$25,FIND("x",J$25)-1))=VALUE(MID(J$25,FIND("x",J$25)+1,99)),1,2),0),0))))&" ("&SUM(IF(AND(I15<>"",I15=I$25),1,0),IF(AND(J15<>"",J15=J$25),1,0))&")") -> 2 (0) | O15: José Flávio | P15: 0x1 | Q15: 1x1 | R15: 0x1 | S15: 0x1 | T15: =IF(COUNTA(P15:S15)=0,"",SUM(IF(OR(P15="",P$25=""),0,IF(P15=P$25,5,IFERROR(IF(SIGN(VALUE(LEFT(P15,FIND("x",P15)-1))-VALUE(MID(P15,FIND("x",P15)+1,99)))=SIGN(VALUE(LEFT(P$25,FIND("x",P$25)-1))-VALUE(MID(P$25,FIND("x",P$25)+1,99))),IF(VALUE(LEFT(P$25,FIND("x",P$25)-1))=VALUE(MID(P$25,FIND("x",P$25)+1,99)),1,2),0),0))),IF(OR(Q15="",Q$25=""),0,IF(Q15=Q$25,5,IFERROR(IF(SIGN(VALUE(LEFT(Q15,FIND("x",Q15)-1))-VALUE(MID(Q15,FIND("x",Q15)+1,99)))=SIGN(VALUE(LEFT(Q$25,FIND("x",Q$25)-1))-VALUE(MID(Q$25,FIND("x",Q$25)+1,99))),IF(VALUE(LEFT(Q$25,FIND("x",Q$25)-1))=VALUE(MID(Q$25,FIND("x",Q$25)+1,99)),1,2),0),0))),IF(OR(R15="",R$25=""),0,IF(R15=R$25,5,IFERROR(IF(SIGN(VALUE(LEFT(R15,FIND("x",R15)-1))-VALUE(MID(R15,FIND("x",R15)+1,99)))=SIGN(VALUE(LEFT(R$25,FIND("x",R$25)-1))-VALUE(MID(R$25,FIND("x",R$25)+1,99))),IF(VALUE(LEFT(R$25,FIND("x",R$25)-1))=VALUE(MID(R$25,FIND("x",R$25)+1,99)),1,2),0),0))),IF(OR(S15="",S$25=""),0,IF(S15=S$25,5,IFERROR(IF(SIGN(VALUE(LEFT(S15,FIND("x",S15)-1))-VALUE(MID(S15,FIND("x",S15)+1,99)))=SIGN(VALUE(LEFT(S$25,FIND("x",S$25)-1))-VALUE(MID(S$25,FIND("x",S$25)+1,99))),IF(VALUE(LEFT(S$25,FIND("x",S$25)-1))=VALUE(MID(S$25,FIND("x",S$25)+1,99)),1,2),0),0))))&" ("&SUM(IF(AND(P15<>"",P15=P$25),1,0),IF(AND(Q15<>"",Q15=Q$25),1,0),IF(AND(R15<>"",R15=R$25),1,0),IF(AND(S15<>"",S15=S$25),1,0))&")") -> 10 (2) | V15: José Flávio | AA15: =IF(COUNTA(W15:Z15)=0,"",SUM(IF(OR(W15="",W$25=""),0,IF(W15=W$25,5,IFERROR(IF(SIGN(VALUE(LEFT(W15,FIND("x",W15)-1))-VALUE(MID(W15,FIND("x",W15)+1,99)))=SIGN(VALUE(LEFT(W$25,FIND("x",W$25)-1))-VALUE(MID(W$25,FIND("x",W$25)+1,99))),IF(VALUE(LEFT(W$25,FIND("x",W$25)-1))=VALUE(MID(W$25,FIND("x",W$25)+1,99)),1,2),0),0))),IF(OR(X15="",X$25=""),0,IF(X15=X$25,5,IFERROR(IF(SIGN(VALUE(LEFT(X15,FIND("x",X15)-1))-VALUE(MID(X15,FIND("x",X15)+1,99)))=SIGN(VALUE(LEFT(X$25,FIND("x",X$25)-1))-VALUE(MID(X$25,FIND("x",X$25)+1,99))),IF(VALUE(LEFT(X$25,FIND("x",X$25)-1))=VALUE(MID(X$25,FIND("x",X$25)+1,99)),1,2),0),0))),IF(OR(Y15="",Y$25=""),0,IF(Y15=Y$25,5,IFERROR(IF(SIGN(VALUE(LEFT(Y15,FIND("x",Y15)-1))-VALUE(MID(Y15,FIND("x",Y15)+1,99)))=SIGN(VALUE(LEFT(Y$25,FIND("x",Y$25)-1))-VALUE(MID(Y$25,FIND("x",Y$25)+1,99))),IF(VALUE(LEFT(Y$25,FIND("x",Y$25)-1))=VALUE(MID(Y$25,FIND("x",Y$25)+1,99)),1,2),0),0))),IF(OR(Z15="",Z$25=""),0,IF(Z15=Z$25,5,IFERROR(IF(SIGN(VALUE(LEFT(Z15,FIND("x",Z15)-1))-VALUE(MID(Z15,FIND("x",Z15)+1,99)))=SIGN(VALUE(LEFT(Z$25,FIND("x",Z$25)-1))-VALUE(MID(Z$25,FIND("x",Z$25)+1,99))),IF(VALUE(LEFT(Z$25,FIND("x",Z$25)-1))=VALUE(MID(Z$25,FIND("x",Z$25)+1,99)),1,2),0),0))))&" ("&SUM(IF(AND(W15<>"",W15=W$25),1,0),IF(AND(X15<>"",X15=X$25),1,0),IF(AND(Y15<>"",Y15=Y$25),1,0),IF(AND(Z15<>"",Z15=Z$25),1,0))&")") | AC15: Meus palpites (Nicolas)
A16: Maria Clara Alonso | B16: 0x0 | C16: 1x0 | D16: =IF(COUNTA(B16:C16)=0,"",SUM(IF(OR(B16="",B$25=""),0,IF(B16=B$25,5,IFERROR(IF(SIGN(VALUE(LEFT(B16,FIND("x",B16)-1))-VALUE(MID(B16,FIND("x",B16)+1,99)))=SIGN(VALUE(LEFT(B$25,FIND("x",B$25)-1))-VALUE(MID(B$25,FIND("x",B$25)+1,99))),IF(VALUE(LEFT(B$25,FIND("x",B$25)-1))=VALUE(MID(B$25,FIND("x",B$25)+1,99)),1,2),0),0))),IF(OR(C16="",C$25=""),0,IF(C16=C$25,5,IFERROR(IF(SIGN(VALUE(LEFT(C16,FIND("x",C16)-1))-VALUE(MID(C16,FIND("x",C16)+1,99)))=SIGN(VALUE(LEFT(C$25,FIND("x",C$25)-1))-VALUE(MID(C$25,FIND("x",C$25)+1,99))),IF(VALUE(LEFT(C$25,FIND("x",C$25)-1))=VALUE(MID(C$25,FIND("x",C$25)+1,99)),1,2),0),0))))&" ("&SUM(IF(AND(B16<>"",B16=B$25),1,0),IF(AND(C16<>"",C16=C$25),1,0))&")") -> 2 (0) | H16: Maria Clara Alonso | I16: 1x0 | J16: 1x2 | K16: =IF(COUNTA(I16:J16)=0,"",SUM(IF(OR(I16="",I$25=""),0,IF(I16=I$25,5,IFERROR(IF(SIGN(VALUE(LEFT(I16,FIND("x",I16)-1))-VALUE(MID(I16,FIND("x",I16)+1,99)))=SIGN(VALUE(LEFT(I$25,FIND("x",I$25)-1))-VALUE(MID(I$25,FIND("x",I$25)+1,99))),IF(VALUE(LEFT(I$25,FIND("x",I$25)-1))=VALUE(MID(I$25,FIND("x",I$25)+1,99)),1,2),0),0))),IF(OR(J16="",J$25=""),0,IF(J16=J$25,5,IFERROR(IF(SIGN(VALUE(LEFT(J16,FIND("x",J16)-1))-VALUE(MID(J16,FIND("x",J16)+1,99)))=SIGN(VALUE(LEFT(J$25,FIND("x",J$25)-1))-VALUE(MID(J$25,FIND("x",J$25)+1,99))),IF(VALUE(LEFT(J$25,FIND("x",J$25)-1))=VALUE(MID(J$25,FIND("x",J$25)+1,99)),1,2),0),0))))&" ("&SUM(IF(AND(I16<>"",I16=I$25),1,0),IF(AND(J16<>"",J16=J$25),1,0))&")") -> 0 (0) | O16: Maria Clara Alonso | P16: 0x1 | Q16: 3x0 | R16: 1x2 | S16: 1x0 | T16: =IF(COUNTA(P16:S16)=0,"",SUM(IF(OR(P16="",P$25=""),0,IF(P16=P$25,5,IFERROR(IF(SIGN(VALUE(LEFT(P16,FIND("x",P16)-1))-VALUE(MID(P16,FIND("x",P16)+1,99)))=SIGN(VALUE(LEFT(P$25,FIND("x",P$25)-1))-VALUE(MID(P$25,FIND("x",P$25)+1,99))),IF(VALUE(LEFT(P$25,FIND("x",P$25)-1))=VALUE(MID(P$25,FIND("x",P$25)+1,99)),1,2),0),0))),IF(OR(Q16="",Q$25=""),0,IF(Q16=Q$25,5,IFERROR(IF(SIGN(VALUE(LEFT(Q16,FIND("x",Q16)-1))-VALUE(MID(Q16,FIND("x",Q16)+1,99)))=SIGN(VALUE(LEFT(Q$25,FIND("x",Q$25)-1))-VALUE(MID(Q$25,FIND("x",Q$25)+1,99))),IF(VALUE(LEFT(Q$25,FIND("x",Q$25)-1))=VALUE(MID(Q$25,FIND("x",Q$25)+1,99)),1,2),0),0))),IF(OR(R16="",R$25=""),0,IF(R16=R$25,5,IFERROR(IF(SIGN(VALUE(LEFT(R16,FIND("x",R16)-1))-VALUE(MID(R16,FIND("x",R16)+1,99)))=SIGN(VALUE(LEFT(R$25,FIND("x",R$25)-1))-VALUE(MID(R$25,FIND("x",R$25)+1,99))),IF(VALUE(LEFT(R$25,FIND("x",R$25)-1))=VALUE(MID(R$25,FIND("x",R$25)+1,99)),1,2),0),0))),IF(OR(S16="",S$25=""),0,IF(S16=S$25,5,IFERROR(IF(SIGN(VALUE(LEFT(S16,FIND("x",S16)-1))-VALUE(MID(S16,FIND("x",S16)+1,99)))=SIGN(VALUE(LEFT(S$25,FIND("x",S$25)-1))-VALUE(MID(S$25,FIND("x",S$25)+1,99))),IF(VALUE(LEFT(S$25,FIND("x",S$25)-1))=VALUE(MID(S$25,FIND("x",S$25)+1,99)),1,2),0),0))))&" ("&SUM(IF(AND(P16<>"",P16=P$25),1,0),IF(AND(Q16<>"",Q16=Q$25),1,0),IF(AND(R16<>"",R16=R$25),1,0),IF(AND(S16<>"",S16=S$25),1,0))&")") -> 4 (0) | V16: Maria Clara Alonso | AA16: =IF(COUNTA(W16:Z16)=0,"",SUM(IF(OR(W16="",W$25=""),0,IF(W16=W$25,5,IFERROR(IF(SIGN(VALUE(LEFT(W16,FIND("x",W16)-1))-VALUE(MID(W16,FIND("x",W16)+1,99)))=SIGN(VALUE(LEFT(W$25,FIND("x",W$25)-1))-VALUE(MID(W$25,FIND("x",W$25)+1,99))),IF(VALUE(LEFT(W$25,FIND("x",W$25)-1))=VALUE(MID(W$25,FIND("x",W$25)+1,99)),1,2),0),0))),IF(OR(X16="",X$25=""),0,IF(X16=X$25,5,IFERROR(IF(SIGN(VALUE(LEFT(X16,FIND("x",X16)-1))-VALUE(MID(X16,FIND("x",X16)+1,99)))=SIGN(VALUE(LEFT(X$25,FIND("x",X$25)-1))-VALUE(MID(X$25,FIND("x",X$25)+1,99))),IF(VALUE(LEFT(X$25,FIND("x",X$25)-1))=VALUE(MID(X$25,FIND("x",X$25)+1,99)),1,2),0),0))),IF(OR(Y16="",Y$25=""),0,IF(Y16=Y$25,5,IFERROR(IF(SIGN(VALUE(LEFT(Y16,FIND("x",Y16)-1))-VALUE(MID(Y16,FIND("x",Y16)+1,99)))=SIGN(VALUE(LEFT(Y$25,FIND("x",Y$25)-1))-VALUE(MID(Y$25,FIND("x",Y$25)+1,99))),IF(VALUE(LEFT(Y$25,FIND("x",Y$25)-1))=VALUE(MID(Y$25,FIND("x",Y$25)+1,99)),1,2),0),0))),IF(OR(Z16="",Z$25=""),0,IF(Z16=Z$25,5,IFERROR(IF(SIGN(VALUE(LEFT(Z16,FIND("x",Z16)-1))-VALUE(MID(Z16,FIND("x",Z16)+1,99)))=SIGN(VALUE(LEFT(Z$25,FIND("x",Z$25)-1))-VALUE(MID(Z$25,FIND("x",Z$25)+1,99))),IF(VALUE(LEFT(Z$25,FIND("x",Z$25)-1))=VALUE(MID(Z$25,FIND("x",Z$25)+1,99)),1,2),0),0))))&" ("&SUM(IF(AND(W16<>"",W16=W$25),1,0),IF(AND(X16<>"",X16=X$25),1,0),IF(AND(Y16<>"",Y16=Y$25),1,0),IF(AND(Z16<>"",Z16=Z$25),1,0))&")") | AC16: 13:00 Espanha x Cabo Verde | AE16: 19:00 Arábia Saudita x Uruguai
A17: Maria Claudia | B17: 2x1 | C17: 1x0 | D17: =IF(COUNTA(B17:C17)=0,"",SUM(IF(OR(B17="",B$25=""),0,IF(B17=B$25,5,IFERROR(IF(SIGN(VALUE(LEFT(B17,FIND("x",B17)-1))-VALUE(MID(B17,FIND("x",B17)+1,99)))=SIGN(VALUE(LEFT(B$25,FIND("x",B$25)-1))-VALUE(MID(B$25,FIND("x",B$25)+1,99))),IF(VALUE(LEFT(B$25,FIND("x",B$25)-1))=VALUE(MID(B$25,FIND("x",B$25)+1,99)),1,2),0),0))),IF(OR(C17="",C$25=""),0,IF(C17=C$25,5,IFERROR(IF(SIGN(VALUE(LEFT(C17,FIND("x",C17)-1))-VALUE(MID(C17,FIND("x",C17)+1,99)))=SIGN(VALUE(LEFT(C$25,FIND("x",C$25)-1))-VALUE(MID(C$25,FIND("x",C$25)+1,99))),IF(VALUE(LEFT(C$25,FIND("x",C$25)-1))=VALUE(MID(C$25,FIND("x",C$25)+1,99)),1,2),0),0))))&" ("&SUM(IF(AND(B17<>"",B17=B$25),1,0),IF(AND(C17<>"",C17=C$25),1,0))&")") -> 4 (0) | H17: Maria Claudia | I17: 1x0 | J17: 1x2 | K17: =IF(COUNTA(I17:J17)=0,"",SUM(IF(OR(I17="",I$25=""),0,IF(I17=I$25,5,IFERROR(IF(SIGN(VALUE(LEFT(I17,FIND("x",I17)-1))-VALUE(MID(I17,FIND("x",I17)+1,99)))=SIGN(VALUE(LEFT(I$25,FIND("x",I$25)-1))-VALUE(MID(I$25,FIND("x",I$25)+1,99))),IF(VALUE(LEFT(I$25,FIND("x",I$25)-1))=VALUE(MID(I$25,FIND("x",I$25)+1,99)),1,2),0),0))),IF(OR(J17="",J$25=""),0,IF(J17=J$25,5,IFERROR(IF(SIGN(VALUE(LEFT(J17,FIND("x",J17)-1))-VALUE(MID(J17,FIND("x",J17)+1,99)))=SIGN(VALUE(LEFT(J$25,FIND("x",J$25)-1))-VALUE(MID(J$25,FIND("x",J$25)+1,99))),IF(VALUE(LEFT(J$25,FIND("x",J$25)-1))=VALUE(MID(J$25,FIND("x",J$25)+1,99)),1,2),0),0))))&" ("&SUM(IF(AND(I17<>"",I17=I$25),1,0),IF(AND(J17<>"",J17=J$25),1,0))&")") -> 0 (0) | O17: Maria Claudia | P17: 1x2 | Q17: 3x2 | R17: 1x2 | S17: 2x1 | T17: =IF(COUNTA(P17:S17)=0,"",SUM(IF(OR(P17="",P$25=""),0,IF(P17=P$25,5,IFERROR(IF(SIGN(VALUE(LEFT(P17,FIND("x",P17)-1))-VALUE(MID(P17,FIND("x",P17)+1,99)))=SIGN(VALUE(LEFT(P$25,FIND("x",P$25)-1))-VALUE(MID(P$25,FIND("x",P$25)+1,99))),IF(VALUE(LEFT(P$25,FIND("x",P$25)-1))=VALUE(MID(P$25,FIND("x",P$25)+1,99)),1,2),0),0))),IF(OR(Q17="",Q$25=""),0,IF(Q17=Q$25,5,IFERROR(IF(SIGN(VALUE(LEFT(Q17,FIND("x",Q17)-1))-VALUE(MID(Q17,FIND("x",Q17)+1,99)))=SIGN(VALUE(LEFT(Q$25,FIND("x",Q$25)-1))-VALUE(MID(Q$25,FIND("x",Q$25)+1,99))),IF(VALUE(LEFT(Q$25,FIND("x",Q$25)-1))=VALUE(MID(Q$25,FIND("x",Q$25)+1,99)),1,2),0),0))),IF(OR(R17="",R$25=""),0,IF(R17=R$25,5,IFERROR(IF(SIGN(VALUE(LEFT(R17,FIND("x",R17)-1))-VALUE(MID(R17,FIND("x",R17)+1,99)))=SIGN(VALUE(LEFT(R$25,FIND("x",R$25)-1))-VALUE(MID(R$25,FIND("x",R$25)+1,99))),IF(VALUE(LEFT(R$25,FIND("x",R$25)-1))=VALUE(MID(R$25,FIND("x",R$25)+1,99)),1,2),0),0))),IF(OR(S17="",S$25=""),0,IF(S17=S$25,5,IFERROR(IF(SIGN(VALUE(LEFT(S17,FIND("x",S17)-1))-VALUE(MID(S17,FIND("x",S17)+1,99)))=SIGN(VALUE(LEFT(S$25,FIND("x",S$25)-1))-VALUE(MID(S$25,FIND("x",S$25)+1,99))),IF(VALUE(LEFT(S$25,FIND("x",S$25)-1))=VALUE(MID(S$25,FIND("x",S$25)+1,99)),1,2),0),0))))&" ("&SUM(IF(AND(P17<>"",P17=P$25),1,0),IF(AND(Q17<>"",Q17=Q$25),1,0),IF(AND(R17<>"",R17=R$25),1,0),IF(AND(S17<>"",S17=S$25),1,0))&")") -> 4 (0) | V17: Maria Claudia | AA17: =IF(COUNTA(W17:Z17)=0,"",SUM(IF(OR(W17="",W$25=""),0,IF(W17=W$25,5,IFERROR(IF(SIGN(VALUE(LEFT(W17,FIND("x",W17)-1))-VALUE(MID(W17,FIND("x",W17)+1,99)))=SIGN(VALUE(LEFT(W$25,FIND("x",W$25)-1))-VALUE(MID(W$25,FIND("x",W$25)+1,99))),IF(VALUE(LEFT(W$25,FIND("x",W$25)-1))=VALUE(MID(W$25,FIND("x",W$25)+1,99)),1,2),0),0))),IF(OR(X17="",X$25=""),0,IF(X17=X$25,5,IFERROR(IF(SIGN(VALUE(LEFT(X17,FIND("x",X17)-1))-VALUE(MID(X17,FIND("x",X17)+1,99)))=SIGN(VALUE(LEFT(X$25,FIND("x",X$25)-1))-VALUE(MID(X$25,FIND("x",X$25)+1,99))),IF(VALUE(LEFT(X$25,FIND("x",X$25)-1))=VALUE(MID(X$25,FIND("x",X$25)+1,99)),1,2),0),0))),IF(OR(Y17="",Y$25=""),0,IF(Y17=Y$25,5,IFERROR(IF(SIGN(VALUE(LEFT(Y17,FIND("x",Y17)-1))-VALUE(MID(Y17,FIND("x",Y17)+1,99)))=SIGN(VALUE(LEFT(Y$25,FIND("x",Y$25)-1))-VALUE(MID(Y$25,FIND("x",Y$25)+1,99))),IF(VALUE(LEFT(Y$25,FIND("x",Y$25)-1))=VALUE(MID(Y$25,FIND("x",Y$25)+1,99)),1,2),0),0))),IF(OR(Z17="",Z$25=""),0,IF(Z17=Z$25,5,IFERROR(IF(SIGN(VALUE(LEFT(Z17,FIND("x",Z17)-1))-VALUE(MID(Z17,FIND("x",Z17)+1,99)))=SIGN(VALUE(LEFT(Z$25,FIND("x",Z$25)-1))-VALUE(MID(Z$25,FIND("x",Z$25)+1,99))),IF(VALUE(LEFT(Z$25,FIND("x",Z$25)-1))=VALUE(MID(Z$25,FIND("x",Z$25)+1,99)),1,2),0),0))))&" ("&SUM(IF(AND(W17<>"",W17=W$25),1,0),IF(AND(X17<>"",X17=X$25),1,0),IF(AND(Y17<>"",Y17=Y$25),1,0),IF(AND(Z17<>"",Z17=Z$25),1,0))&")") | AC17: 16:00 Bélgica x Egito | AE17: 22:00 Irã x Nova Zelândia
A18: Mateus Hirata | B18: 1x2 | C18: 2x3 | D18: =IF(COUNTA(B18:C18)=0,"",SUM(IF(OR(B18="",B$25=""),0,IF(B18=B$25,5,IFERROR(IF(SIGN(VALUE(LEFT(B18,FIND("x",B18)-1))-VALUE(MID(B18,FIND("x",B18)+1,99)))=SIGN(VALUE(LEFT(B$25,FIND("x",B$25)-1))-VALUE(MID(B$25,FIND("x",B$25)+1,99))),IF(VALUE(LEFT(B$25,FIND("x",B$25)-1))=VALUE(MID(B$25,FIND("x",B$25)+1,99)),1,2),0),0))),IF(OR(C18="",C$25=""),0,IF(C18=C$25,5,IFERROR(IF(SIGN(VALUE(LEFT(C18,FIND("x",C18)-1))-VALUE(MID(C18,FIND("x",C18)+1,99)))=SIGN(VALUE(LEFT(C$25,FIND("x",C$25)-1))-VALUE(MID(C$25,FIND("x",C$25)+1,99))),IF(VALUE(LEFT(C$25,FIND("x",C$25)-1))=VALUE(MID(C$25,FIND("x",C$25)+1,99)),1,2),0),0))))&" ("&SUM(IF(AND(B18<>"",B18=B$25),1,0),IF(AND(C18<>"",C18=C$25),1,0))&")") -> 0 (0) | H18: Mateus Hirata | I18: 2x0 | J18: 2x1 | K18: =IF(COUNTA(I18:J18)=0,"",SUM(IF(OR(I18="",I$25=""),0,IF(I18=I$25,5,IFERROR(IF(SIGN(VALUE(LEFT(I18,FIND("x",I18)-1))-VALUE(MID(I18,FIND("x",I18)+1,99)))=SIGN(VALUE(LEFT(I$25,FIND("x",I$25)-1))-VALUE(MID(I$25,FIND("x",I$25)+1,99))),IF(VALUE(LEFT(I$25,FIND("x",I$25)-1))=VALUE(MID(I$25,FIND("x",I$25)+1,99)),1,2),0),0))),IF(OR(J18="",J$25=""),0,IF(J18=J$25,5,IFERROR(IF(SIGN(VALUE(LEFT(J18,FIND("x",J18)-1))-VALUE(MID(J18,FIND("x",J18)+1,99)))=SIGN(VALUE(LEFT(J$25,FIND("x",J$25)-1))-VALUE(MID(J$25,FIND("x",J$25)+1,99))),IF(VALUE(LEFT(J$25,FIND("x",J$25)-1))=VALUE(MID(J$25,FIND("x",J$25)+1,99)),1,2),0),0))))&" ("&SUM(IF(AND(I18<>"",I18=I$25),1,0),IF(AND(J18<>"",J18=J$25),1,0))&")") -> 2 (0) | O18: Mateus Hirata | P18: 1x2 | Q18: 3x2 | R18: 1x2 | S18: 2x1 | T18: =IF(COUNTA(P18:S18)=0,"",SUM(IF(OR(P18="",P$25=""),0,IF(P18=P$25,5,IFERROR(IF(SIGN(VALUE(LEFT(P18,FIND("x",P18)-1))-VALUE(MID(P18,FIND("x",P18)+1,99)))=SIGN(VALUE(LEFT(P$25,FIND("x",P$25)-1))-VALUE(MID(P$25,FIND("x",P$25)+1,99))),IF(VALUE(LEFT(P$25,FIND("x",P$25)-1))=VALUE(MID(P$25,FIND("x",P$25)+1,99)),1,2),0),0))),IF(OR(Q18="",Q$25=""),0,IF(Q18=Q$25,5,IFERROR(IF(SIGN(VALUE(LEFT(Q18,FIND("x",Q18)-1))-VALUE(MID(Q18,FIND("x",Q18)+1,99)))=SIGN(VALUE(LEFT(Q$25,FIND("x",Q$25)-1))-VALUE(MID(Q$25,FIND("x",Q$25)+1,99))),IF(VALUE(LEFT(Q$25,FIND("x",Q$25)-1))=VALUE(MID(Q$25,FIND("x",Q$25)+1,99)),1,2),0),0))),IF(OR(R18="",R$25=""),0,IF(R18=R$25,5,IFERROR(IF(SIGN(VALUE(LEFT(R18,FIND("x",R18)-1))-VALUE(MID(R18,FIND("x",R18)+1,99)))=SIGN(VALUE(LEFT(R$25,FIND("x",R$25)-1))-VALUE(MID(R$25,FIND("x",R$25)+1,99))),IF(VALUE(LEFT(R$25,FIND("x",R$25)-1))=VALUE(MID(R$25,FIND("x",R$25)+1,99)),1,2),0),0))),IF(OR(S18="",S$25=""),0,IF(S18=S$25,5,IFERROR(IF(SIGN(VALUE(LEFT(S18,FIND("x",S18)-1))-VALUE(MID(S18,FIND("x",S18)+1,99)))=SIGN(VALUE(LEFT(S$25,FIND("x",S$25)-1))-VALUE(MID(S$25,FIND("x",S$25)+1,99))),IF(VALUE(LEFT(S$25,FIND("x",S$25)-1))=VALUE(MID(S$25,FIND("x",S$25)+1,99)),1,2),0),0))))&" ("&SUM(IF(AND(P18<>"",P18=P$25),1,0),IF(AND(Q18<>"",Q18=Q$25),1,0),IF(AND(R18<>"",R18=R$25),1,0),IF(AND(S18<>"",S18=S$25),1,0))&")") -> 4 (0) | V18: Mateus Hirata | AA18: =IF(COUNTA(W18:Z18)=0,"",SUM(IF(OR(W18="",W$25=""),0,IF(W18=W$25,5,IFERROR(IF(SIGN(VALUE(LEFT(W18,FIND("x",W18)-1))-VALUE(MID(W18,FIND("x",W18)+1,99)))=SIGN(VALUE(LEFT(W$25,FIND("x",W$25)-1))-VALUE(MID(W$25,FIND("x",W$25)+1,99))),IF(VALUE(LEFT(W$25,FIND("x",W$25)-1))=VALUE(MID(W$25,FIND("x",W$25)+1,99)),1,2),0),0))),IF(OR(X18="",X$25=""),0,IF(X18=X$25,5,IFERROR(IF(SIGN(VALUE(LEFT(X18,FIND("x",X18)-1))-VALUE(MID(X18,FIND("x",X18)+1,99)))=SIGN(VALUE(LEFT(X$25,FIND("x",X$25)-1))-VALUE(MID(X$25,FIND("x",X$25)+1,99))),IF(VALUE(LEFT(X$25,FIND("x",X$25)-1))=VALUE(MID(X$25,FIND("x",X$25)+1,99)),1,2),0),0))),IF(OR(Y18="",Y$25=""),0,IF(Y18=Y$25,5,IFERROR(IF(SIGN(VALUE(LEFT(Y18,FIND("x",Y18)-1))-VALUE(MID(Y18,FIND("x",Y18)+1,99)))=SIGN(VALUE(LEFT(Y$25,FIND("x",Y$25)-1))-VALUE(MID(Y$25,FIND("x",Y$25)+1,99))),IF(VALUE(LEFT(Y$25,FIND("x",Y$25)-1))=VALUE(MID(Y$25,FIND("x",Y$25)+1,99)),1,2),0),0))),IF(OR(Z18="",Z$25=""),0,IF(Z18=Z$25,5,IFERROR(IF(SIGN(VALUE(LEFT(Z18,FIND("x",Z18)-1))-VALUE(MID(Z18,FIND("x",Z18)+1,99)))=SIGN(VALUE(LEFT(Z$25,FIND("x",Z$25)-1))-VALUE(MID(Z$25,FIND("x",Z$25)+1,99))),IF(VALUE(LEFT(Z$25,FIND("x",Z$25)-1))=VALUE(MID(Z$25,FIND("x",Z$25)+1,99)),1,2),0),0))))&" ("&SUM(IF(AND(W18<>"",W18=W$25),1,0),IF(AND(X18<>"",X18=X$25),1,0),IF(AND(Y18<>"",Y18=Y$25),1,0),IF(AND(Z18<>"",Z18=Z$25),1,0))&")")
A19: Nicolas | B19: 2x1 | C19: 1x1 | D19: =IF(COUNTA(B19:C19)=0,"",SUM(IF(OR(B19="",B$25=""),0,IF(B19=B$25,5,IFERROR(IF(SIGN(VALUE(LEFT(B19,FIND("x",B19)-1))-VALUE(MID(B19,FIND("x",B19)+1,99)))=SIGN(VALUE(LEFT(B$25,FIND("x",B$25)-1))-VALUE(MID(B$25,FIND("x",B$25)+1,99))),IF(VALUE(LEFT(B$25,FIND("x",B$25)-1))=VALUE(MID(B$25,FIND("x",B$25)+1,99)),1,2),0),0))),IF(OR(C19="",C$25=""),0,IF(C19=C$25,5,IFERROR(IF(SIGN(VALUE(LEFT(C19,FIND("x",C19)-1))-VALUE(MID(C19,FIND("x",C19)+1,99)))=SIGN(VALUE(LEFT(C$25,FIND("x",C$25)-1))-VALUE(MID(C$25,FIND("x",C$25)+1,99))),IF(VALUE(LEFT(C$25,FIND("x",C$25)-1))=VALUE(MID(C$25,FIND("x",C$25)+1,99)),1,2),0),0))))&" ("&SUM(IF(AND(B19<>"",B19=B$25),1,0),IF(AND(C19<>"",C19=C$25),1,0))&")") -> 2 (0) | H19: Nicolas | I19: 1x0 | J19: 1x2 | K19: =IF(COUNTA(I19:J19)=0,"",SUM(IF(OR(I19="",I$25=""),0,IF(I19=I$25,5,IFERROR(IF(SIGN(VALUE(LEFT(I19,FIND("x",I19)-1))-VALUE(MID(I19,FIND("x",I19)+1,99)))=SIGN(VALUE(LEFT(I$25,FIND("x",I$25)-1))-VALUE(MID(I$25,FIND("x",I$25)+1,99))),IF(VALUE(LEFT(I$25,FIND("x",I$25)-1))=VALUE(MID(I$25,FIND("x",I$25)+1,99)),1,2),0),0))),IF(OR(J19="",J$25=""),0,IF(J19=J$25,5,IFERROR(IF(SIGN(VALUE(LEFT(J19,FIND("x",J19)-1))-VALUE(MID(J19,FIND("x",J19)+1,99)))=SIGN(VALUE(LEFT(J$25,FIND("x",J$25)-1))-VALUE(MID(J$25,FIND("x",J$25)+1,99))),IF(VALUE(LEFT(J$25,FIND("x",J$25)-1))=VALUE(MID(J$25,FIND("x",J$25)+1,99)),1,2),0),0))))&" ("&SUM(IF(AND(I19<>"",I19=I$25),1,0),IF(AND(J19<>"",J19=J$25),1,0))&")") -> 0 (0) | O19: Nicolas | P19: 0x2 | Q19: 2x1 | R19: 1x2 | S19: 0x2 | T19: =IF(COUNTA(P19:S19)=0,"",SUM(IF(OR(P19="",P$25=""),0,IF(P19=P$25,5,IFERROR(IF(SIGN(VALUE(LEFT(P19,FIND("x",P19)-1))-VALUE(MID(P19,FIND("x",P19)+1,99)))=SIGN(VALUE(LEFT(P$25,FIND("x",P$25)-1))-VALUE(MID(P$25,FIND("x",P$25)+1,99))),IF(VALUE(LEFT(P$25,FIND("x",P$25)-1))=VALUE(MID(P$25,FIND("x",P$25)+1,99)),1,2),0),0))),IF(OR(Q19="",Q$25=""),0,IF(Q19=Q$25,5,IFERROR(IF(SIGN(VALUE(LEFT(Q19,FIND("x",Q19)-1))-VALUE(MID(Q19,FIND("x",Q19)+1,99)))=SIGN(VALUE(LEFT(Q$25,FIND("x",Q$25)-1))-VALUE(MID(Q$25,FIND("x",Q$25)+1,99))),IF(VALUE(LEFT(Q$25,FIND("x",Q$25)-1))=VALUE(MID(Q$25,FIND("x",Q$25)+1,99)),1,2),0),0))),IF(OR(R19="",R$25=""),0,IF(R19=R$25,5,IFERROR(IF(SIGN(VALUE(LEFT(R19,FIND("x",R19)-1))-VALUE(MID(R19,FIND("x",R19)+1,99)))=SIGN(VALUE(LEFT(R$25,FIND("x",R$25)-1))-VALUE(MID(R$25,FIND("x",R$25)+1,99))),IF(VALUE(LEFT(R$25,FIND("x",R$25)-1))=VALUE(MID(R$25,FIND("x",R$25)+1,99)),1,2),0),0))),IF(OR(S19="",S$25=""),0,IF(S19=S$25,5,IFERROR(IF(SIGN(VALUE(LEFT(S19,FIND("x",S19)-1))-VALUE(MID(S19,FIND("x",S19)+1,99)))=SIGN(VALUE(LEFT(S$25,FIND("x",S$25)-1))-VALUE(MID(S$25,FIND("x",S$25)+1,99))),IF(VALUE(LEFT(S$25,FIND("x",S$25)-1))=VALUE(MID(S$25,FIND("x",S$25)+1,99)),1,2),0),0))))&" ("&SUM(IF(AND(P19<>"",P19=P$25),1,0),IF(AND(Q19<>"",Q19=Q$25),1,0),IF(AND(R19<>"",R19=R$25),1,0),IF(AND(S19<>"",S19=S$25),1,0))&")") -> 2 (0) | V19: Nicolas | AA19: =IF(COUNTA(W19:Z19)=0,"",SUM(IF(OR(W19="",W$25=""),0,IF(W19=W$25,5,IFERROR(IF(SIGN(VALUE(LEFT(W19,FIND("x",W19)-1))-VALUE(MID(W19,FIND("x",W19)+1,99)))=SIGN(VALUE(LEFT(W$25,FIND("x",W$25)-1))-VALUE(MID(W$25,FIND("x",W$25)+1,99))),IF(VALUE(LEFT(W$25,FIND("x",W$25)-1))=VALUE(MID(W$25,FIND("x",W$25)+1,99)),1,2),0),0))),IF(OR(X19="",X$25=""),0,IF(X19=X$25,5,IFERROR(IF(SIGN(VALUE(LEFT(X19,FIND("x",X19)-1))-VALUE(MID(X19,FIND("x",X19)+1,99)))=SIGN(VALUE(LEFT(X$25,FIND("x",X$25)-1))-VALUE(MID(X$25,FIND("x",X$25)+1,99))),IF(VALUE(LEFT(X$25,FIND("x",X$25)-1))=VALUE(MID(X$25,FIND("x",X$25)+1,99)),1,2),0),0))),IF(OR(Y19="",Y$25=""),0,IF(Y19=Y$25,5,IFERROR(IF(SIGN(VALUE(LEFT(Y19,FIND("x",Y19)-1))-VALUE(MID(Y19,FIND("x",Y19)+1,99)))=SIGN(VALUE(LEFT(Y$25,FIND("x",Y$25)-1))-VALUE(MID(Y$25,FIND("x",Y$25)+1,99))),IF(VALUE(LEFT(Y$25,FIND("x",Y$25)-1))=VALUE(MID(Y$25,FIND("x",Y$25)+1,99)),1,2),0),0))),IF(OR(Z19="",Z$25=""),0,IF(Z19=Z$25,5,IFERROR(IF(SIGN(VALUE(LEFT(Z19,FIND("x",Z19)-1))-VALUE(MID(Z19,FIND("x",Z19)+1,99)))=SIGN(VALUE(LEFT(Z$25,FIND("x",Z$25)-1))-VALUE(MID(Z$25,FIND("x",Z$25)+1,99))),IF(VALUE(LEFT(Z$25,FIND("x",Z$25)-1))=VALUE(MID(Z$25,FIND("x",Z$25)+1,99)),1,2),0),0))))&" ("&SUM(IF(AND(W19<>"",W19=W$25),1,0),IF(AND(X19<>"",X19=X$25),1,0),IF(AND(Y19<>"",Y19=Y$25),1,0),IF(AND(Z19<>"",Z19=Z$25),1,0))&")") | AC19: SÁBADO | AD19: 0.58333333 | AE19: 0.70833333 | AF19: 0.875 | AG19: 0.041666667
A20: Rodrigo Gomes | B20: 2x1 | C20: 1x1 | D20: =IF(COUNTA(B20:C20)=0,"",SUM(IF(OR(B20="",B$25=""),0,IF(B20=B$25,5,IFERROR(IF(SIGN(VALUE(LEFT(B20,FIND("x",B20)-1))-VALUE(MID(B20,FIND("x",B20)+1,99)))=SIGN(VALUE(LEFT(B$25,FIND("x",B$25)-1))-VALUE(MID(B$25,FIND("x",B$25)+1,99))),IF(VALUE(LEFT(B$25,FIND("x",B$25)-1))=VALUE(MID(B$25,FIND("x",B$25)+1,99)),1,2),0),0))),IF(OR(C20="",C$25=""),0,IF(C20=C$25,5,IFERROR(IF(SIGN(VALUE(LEFT(C20,FIND("x",C20)-1))-VALUE(MID(C20,FIND("x",C20)+1,99)))=SIGN(VALUE(LEFT(C$25,FIND("x",C$25)-1))-VALUE(MID(C$25,FIND("x",C$25)+1,99))),IF(VALUE(LEFT(C$25,FIND("x",C$25)-1))=VALUE(MID(C$25,FIND("x",C$25)+1,99)),1,2),0),0))))&" ("&SUM(IF(AND(B20<>"",B20=B$25),1,0),IF(AND(C20<>"",C20=C$25),1,0))&")") -> 2 (0) | H20: Rodrigo Gomes | I20: 2x0 | J20: 1x1 | K20: =IF(COUNTA(I20:J20)=0,"",SUM(IF(OR(I20="",I$25=""),0,IF(I20=I$25,5,IFERROR(IF(SIGN(VALUE(LEFT(I20,FIND("x",I20)-1))-VALUE(MID(I20,FIND("x",I20)+1,99)))=SIGN(VALUE(LEFT(I$25,FIND("x",I$25)-1))-VALUE(MID(I$25,FIND("x",I$25)+1,99))),IF(VALUE(LEFT(I$25,FIND("x",I$25)-1))=VALUE(MID(I$25,FIND("x",I$25)+1,99)),1,2),0),0))),IF(OR(J20="",J$25=""),0,IF(J20=J$25,5,IFERROR(IF(SIGN(VALUE(LEFT(J20,FIND("x",J20)-1))-VALUE(MID(J20,FIND("x",J20)+1,99)))=SIGN(VALUE(LEFT(J$25,FIND("x",J$25)-1))-VALUE(MID(J$25,FIND("x",J$25)+1,99))),IF(VALUE(LEFT(J$25,FIND("x",J$25)-1))=VALUE(MID(J$25,FIND("x",J$25)+1,99)),1,2),0),0))))&" ("&SUM(IF(AND(I20<>"",I20=I$25),1,0),IF(AND(J20<>"",J20=J$25),1,0))&")") -> 0 (0) | O20: Rodrigo Gomes | P20: 1x1 | Q20: 0x1 | R20: 0x2 | S20: 2x1 | T20: =IF(COUNTA(P20:S20)=0,"",SUM(IF(OR(P20="",P$25=""),0,IF(P20=P$25,5,IFERROR(IF(SIGN(VALUE(LEFT(P20,FIND("x",P20)-1))-VALUE(MID(P20,FIND("x",P20)+1,99)))=SIGN(VALUE(LEFT(P$25,FIND("x",P$25)-1))-VALUE(MID(P$25,FIND("x",P$25)+1,99))),IF(VALUE(LEFT(P$25,FIND("x",P$25)-1))=VALUE(MID(P$25,FIND("x",P$25)+1,99)),1,2),0),0))),IF(OR(Q20="",Q$25=""),0,IF(Q20=Q$25,5,IFERROR(IF(SIGN(VALUE(LEFT(Q20,FIND("x",Q20)-1))-VALUE(MID(Q20,FIND("x",Q20)+1,99)))=SIGN(VALUE(LEFT(Q$25,FIND("x",Q$25)-1))-VALUE(MID(Q$25,FIND("x",Q$25)+1,99))),IF(VALUE(LEFT(Q$25,FIND("x",Q$25)-1))=VALUE(MID(Q$25,FIND("x",Q$25)+1,99)),1,2),0),0))),IF(OR(R20="",R$25=""),0,IF(R20=R$25,5,IFERROR(IF(SIGN(VALUE(LEFT(R20,FIND("x",R20)-1))-VALUE(MID(R20,FIND("x",R20)+1,99)))=SIGN(VALUE(LEFT(R$25,FIND("x",R$25)-1))-VALUE(MID(R$25,FIND("x",R$25)+1,99))),IF(VALUE(LEFT(R$25,FIND("x",R$25)-1))=VALUE(MID(R$25,FIND("x",R$25)+1,99)),1,2),0),0))),IF(OR(S20="",S$25=""),0,IF(S20=S$25,5,IFERROR(IF(SIGN(VALUE(LEFT(S20,FIND("x",S20)-1))-VALUE(MID(S20,FIND("x",S20)+1,99)))=SIGN(VALUE(LEFT(S$25,FIND("x",S$25)-1))-VALUE(MID(S$25,FIND("x",S$25)+1,99))),IF(VALUE(LEFT(S$25,FIND("x",S$25)-1))=VALUE(MID(S$25,FIND("x",S$25)+1,99)),1,2),0),0))))&" ("&SUM(IF(AND(P20<>"",P20=P$25),1,0),IF(AND(Q20<>"",Q20=Q$25),1,0),IF(AND(R20<>"",R20=R$25),1,0),IF(AND(S20<>"",S20=S$25),1,0))&")") -> 9 (1) | V20: Rodrigo Gomes | AA20: =IF(COUNTA(W20:Z20)=0,"",SUM(IF(OR(W20="",W$25=""),0,IF(W20=W$25,5,IFERROR(IF(SIGN(VALUE(LEFT(W20,FIND("x",W20)-1))-VALUE(MID(W20,FIND("x",W20)+1,99)))=SIGN(VALUE(LEFT(W$25,FIND("x",W$25)-1))-VALUE(MID(W$25,FIND("x",W$25)+1,99))),IF(VALUE(LEFT(W$25,FIND("x",W$25)-1))=VALUE(MID(W$25,FIND("x",W$25)+1,99)),1,2),0),0))),IF(OR(X20="",X$25=""),0,IF(X20=X$25,5,IFERROR(IF(SIGN(VALUE(LEFT(X20,FIND("x",X20)-1))-VALUE(MID(X20,FIND("x",X20)+1,99)))=SIGN(VALUE(LEFT(X$25,FIND("x",X$25)-1))-VALUE(MID(X$25,FIND("x",X$25)+1,99))),IF(VALUE(LEFT(X$25,FIND("x",X$25)-1))=VALUE(MID(X$25,FIND("x",X$25)+1,99)),1,2),0),0))),IF(OR(Y20="",Y$25=""),0,IF(Y20=Y$25,5,IFERROR(IF(SIGN(VALUE(LEFT(Y20,FIND("x",Y20)-1))-VALUE(MID(Y20,FIND("x",Y20)+1,99)))=SIGN(VALUE(LEFT(Y$25,FIND("x",Y$25)-1))-VALUE(MID(Y$25,FIND("x",Y$25)+1,99))),IF(VALUE(LEFT(Y$25,FIND("x",Y$25)-1))=VALUE(MID(Y$25,FIND("x",Y$25)+1,99)),1,2),0),0))),IF(OR(Z20="",Z$25=""),0,IF(Z20=Z$25,5,IFERROR(IF(SIGN(VALUE(LEFT(Z20,FIND("x",Z20)-1))-VALUE(MID(Z20,FIND("x",Z20)+1,99)))=SIGN(VALUE(LEFT(Z$25,FIND("x",Z$25)-1))-VALUE(MID(Z$25,FIND("x",Z$25)+1,99))),IF(VALUE(LEFT(Z$25,FIND("x",Z$25)-1))=VALUE(MID(Z$25,FIND("x",Z$25)+1,99)),1,2),0),0))))&" ("&SUM(IF(AND(W20<>"",W20=W$25),1,0),IF(AND(X20<>"",X20=X$25),1,0),IF(AND(Y20<>"",Y20=Y$25),1,0),IF(AND(Z20<>"",Z20=Z$25),1,0))&")") | AC20: DIA 10 - 20/06 | AD20: HOL x SUE | AE20: ALE x COM | AF20: EQU x CUR | AG20: TUN x JAP | AH20: TOTAL
A21: Victor Guimarães | B21: n mandou | C21: 1x3 | D21: =IF(COUNTA(B21:C21)=0,"",SUM(IF(OR(B21="",B$25=""),0,IF(B21=B$25,5,IFERROR(IF(SIGN(VALUE(LEFT(B21,FIND("x",B21)-1))-VALUE(MID(B21,FIND("x",B21)+1,99)))=SIGN(VALUE(LEFT(B$25,FIND("x",B$25)-1))-VALUE(MID(B$25,FIND("x",B$25)+1,99))),IF(VALUE(LEFT(B$25,FIND("x",B$25)-1))=VALUE(MID(B$25,FIND("x",B$25)+1,99)),1,2),0),0))),IF(OR(C21="",C$25=""),0,IF(C21=C$25,5,IFERROR(IF(SIGN(VALUE(LEFT(C21,FIND("x",C21)-1))-VALUE(MID(C21,FIND("x",C21)+1,99)))=SIGN(VALUE(LEFT(C$25,FIND("x",C$25)-1))-VALUE(MID(C$25,FIND("x",C$25)+1,99))),IF(VALUE(LEFT(C$25,FIND("x",C$25)-1))=VALUE(MID(C$25,FIND("x",C$25)+1,99)),1,2),0),0))))&" ("&SUM(IF(AND(B21<>"",B21=B$25),1,0),IF(AND(C21<>"",C21=C$25),1,0))&")") -> 0 (0) | H21: Victor Guimarães | I21: - | J21: - | K21: =IF(COUNTA(I21:J21)=0,"",SUM(IF(OR(I21="",I$25=""),0,IF(I21=I$25,5,IFERROR(IF(SIGN(VALUE(LEFT(I21,FIND("x",I21)-1))-VALUE(MID(I21,FIND("x",I21)+1,99)))=SIGN(VALUE(LEFT(I$25,FIND("x",I$25)-1))-VALUE(MID(I$25,FIND("x",I$25)+1,99))),IF(VALUE(LEFT(I$25,FIND("x",I$25)-1))=VALUE(MID(I$25,FIND("x",I$25)+1,99)),1,2),0),0))),IF(OR(J21="",J$25=""),0,IF(J21=J$25,5,IFERROR(IF(SIGN(VALUE(LEFT(J21,FIND("x",J21)-1))-VALUE(MID(J21,FIND("x",J21)+1,99)))=SIGN(VALUE(LEFT(J$25,FIND("x",J$25)-1))-VALUE(MID(J$25,FIND("x",J$25)+1,99))),IF(VALUE(LEFT(J$25,FIND("x",J$25)-1))=VALUE(MID(J$25,FIND("x",J$25)+1,99)),1,2),0),0))))&" ("&SUM(IF(AND(I21<>"",I21=I$25),1,0),IF(AND(J21<>"",J21=J$25),1,0))&")") -> 0 (0) | O21: Victor Guimarães | Q21: 2x1 | R21: 0x3 | S21: 0x2 | T21: =IF(COUNTA(P21:S21)=0,"",SUM(IF(OR(P21="",P$25=""),0,IF(P21=P$25,5,IFERROR(IF(SIGN(VALUE(LEFT(P21,FIND("x",P21)-1))-VALUE(MID(P21,FIND("x",P21)+1,99)))=SIGN(VALUE(LEFT(P$25,FIND("x",P$25)-1))-VALUE(MID(P$25,FIND("x",P$25)+1,99))),IF(VALUE(LEFT(P$25,FIND("x",P$25)-1))=VALUE(MID(P$25,FIND("x",P$25)+1,99)),1,2),0),0))),IF(OR(Q21="",Q$25=""),0,IF(Q21=Q$25,5,IFERROR(IF(SIGN(VALUE(LEFT(Q21,FIND("x",Q21)-1))-VALUE(MID(Q21,FIND("x",Q21)+1,99)))=SIGN(VALUE(LEFT(Q$25,FIND("x",Q$25)-1))-VALUE(MID(Q$25,FIND("x",Q$25)+1,99))),IF(VALUE(LEFT(Q$25,FIND("x",Q$25)-1))=VALUE(MID(Q$25,FIND("x",Q$25)+1,99)),1,2),0),0))),IF(OR(R21="",R$25=""),0,IF(R21=R$25,5,IFERROR(IF(SIGN(VALUE(LEFT(R21,FIND("x",R21)-1))-VALUE(MID(R21,FIND("x",R21)+1,99)))=SIGN(VALUE(LEFT(R$25,FIND("x",R$25)-1))-VALUE(MID(R$25,FIND("x",R$25)+1,99))),IF(VALUE(LEFT(R$25,FIND("x",R$25)-1))=VALUE(MID(R$25,FIND("x",R$25)+1,99)),1,2),0),0))),IF(OR(S21="",S$25=""),0,IF(S21=S$25,5,IFERROR(IF(SIGN(VALUE(LEFT(S21,FIND("x",S21)-1))-VALUE(MID(S21,FIND("x",S21)+1,99)))=SIGN(VALUE(LEFT(S$25,FIND("x",S$25)-1))-VALUE(MID(S$25,FIND("x",S$25)+1,99))),IF(VALUE(LEFT(S$25,FIND("x",S$25)-1))=VALUE(MID(S$25,FIND("x",S$25)+1,99)),1,2),0),0))))&" ("&SUM(IF(AND(P21<>"",P21=P$25),1,0),IF(AND(Q21<>"",Q21=Q$25),1,0),IF(AND(R21<>"",R21=R$25),1,0),IF(AND(S21<>"",S21=S$25),1,0))&")") -> 2 (0) | V21: Victor Guimarães | AA21: =IF(COUNTA(W21:Z21)=0,"",SUM(IF(OR(W21="",W$25=""),0,IF(W21=W$25,5,IFERROR(IF(SIGN(VALUE(LEFT(W21,FIND("x",W21)-1))-VALUE(MID(W21,FIND("x",W21)+1,99)))=SIGN(VALUE(LEFT(W$25,FIND("x",W$25)-1))-VALUE(MID(W$25,FIND("x",W$25)+1,99))),IF(VALUE(LEFT(W$25,FIND("x",W$25)-1))=VALUE(MID(W$25,FIND("x",W$25)+1,99)),1,2),0),0))),IF(OR(X21="",X$25=""),0,IF(X21=X$25,5,IFERROR(IF(SIGN(VALUE(LEFT(X21,FIND("x",X21)-1))-VALUE(MID(X21,FIND("x",X21)+1,99)))=SIGN(VALUE(LEFT(X$25,FIND("x",X$25)-1))-VALUE(MID(X$25,FIND("x",X$25)+1,99))),IF(VALUE(LEFT(X$25,FIND("x",X$25)-1))=VALUE(MID(X$25,FIND("x",X$25)+1,99)),1,2),0),0))),IF(OR(Y21="",Y$25=""),0,IF(Y21=Y$25,5,IFERROR(IF(SIGN(VALUE(LEFT(Y21,FIND("x",Y21)-1))-VALUE(MID(Y21,FIND("x",Y21)+1,99)))=SIGN(VALUE(LEFT(Y$25,FIND("x",Y$25)-1))-VALUE(MID(Y$25,FIND("x",Y$25)+1,99))),IF(VALUE(LEFT(Y$25,FIND("x",Y$25)-1))=VALUE(MID(Y$25,FIND("x",Y$25)+1,99)),1,2),0),0))),IF(OR(Z21="",Z$25=""),0,IF(Z21=Z$25,5,IFERROR(IF(SIGN(VALUE(LEFT(Z21,FIND("x",Z21)-1))-VALUE(MID(Z21,FIND("x",Z21)+1,99)))=SIGN(VALUE(LEFT(Z$25,FIND("x",Z$25)-1))-VALUE(MID(Z$25,FIND("x",Z$25)+1,99))),IF(VALUE(LEFT(Z$25,FIND("x",Z$25)-1))=VALUE(MID(Z$25,FIND("x",Z$25)+1,99)),1,2),0),0))))&" ("&SUM(IF(AND(W21<>"",W21=W$25),1,0),IF(AND(X21<>"",X21=X$25),1,0),IF(AND(Y21<>"",Y21=Y$25),1,0),IF(AND(Z21<>"",Z21=Z$25),1,0))&")") | AC21: Brenno | AH21: =IF(COUNTA(AD21:AG21)=0,"",SUM(IF(OR(AD21="",AD$34=""),0,IF(AD21=AD$34,5,IFERROR(IF(SIGN(VALUE(LEFT(AD21,FIND("x",AD21)-1))-VALUE(MID(AD21,FIND("x",AD21)+1,99)))=SIGN(VALUE(LEFT(AD$34,FIND("x",AD$34)-1))-VALUE(MID(AD$34,FIND("x",AD$34)+1,99))),IF(VALUE(LEFT(AD$34,FIND("x",AD$34)-1))=VALUE(MID(AD$34,FIND("x",AD$34)+1,99)),1,2),0),0))),IF(OR(AE21="",AE$34=""),0,IF(AE21=AE$34,5,IFERROR(IF(SIGN(VALUE(LEFT(AE21,FIND("x",AE21)-1))-VALUE(MID(AE21,FIND("x",AE21)+1,99)))=SIGN(VALUE(LEFT(AE$34,FIND("x",AE$34)-1))-VALUE(MID(AE$34,FIND("x",AE$34)+1,99))),IF(VALUE(LEFT(AE$34,FIND("x",AE$34)-1))=VALUE(MID(AE$34,FIND("x",AE$34)+1,99)),1,2),0),0))),IF(OR(AF21="",AF$34=""),0,IF(AF21=AF$34,5,IFERROR(IF(SIGN(VALUE(LEFT(AF21,FIND("x",AF21)-1))-VALUE(MID(AF21,FIND("x",AF21)+1,99)))=SIGN(VALUE(LEFT(AF$34,FIND("x",AF$34)-1))-VALUE(MID(AF$34,FIND("x",AF$34)+1,99))),IF(VALUE(LEFT(AF$34,FIND("x",AF$34)-1))=VALUE(MID(AF$34,FIND("x",AF$34)+1,99)),1,2),0),0))),IF(OR(AG21="",AG$34=""),0,IF(AG21=AG$34,5,IFERROR(IF(SIGN(VALUE(LEFT(AG21,FIND("x",AG21)-1))-VALUE(MID(AG21,FIND("x",AG21)+1,99)))=SIGN(VALUE(LEFT(AG$34,FIND("x",AG$34)-1))-VALUE(MID(AG$34,FIND("x",AG$34)+1,99))),IF(VALUE(LEFT(AG$34,FIND("x",AG$34)-1))=VALUE(MID(AG$34,FIND("x",AG$34)+1,99)),1,2),0),0))))&" ("&SUM(IF(AND(AD21<>"",AD21=AD$34),1,0),IF(AND(AE21<>"",AE21=AE$34),1,0),IF(AND(AF21<>"",AF21=AF$34),1,0),IF(AND(AG21<>"",AG21=AG$34),1,0))&")")
A22: Victor Martins | B22: 2x0 | C22: 1x1 | D22: =IF(COUNTA(B22:C22)=0,"",SUM(IF(OR(B22="",B$25=""),0,IF(B22=B$25,5,IFERROR(IF(SIGN(VALUE(LEFT(B22,FIND("x",B22)-1))-VALUE(MID(B22,FIND("x",B22)+1,99)))=SIGN(VALUE(LEFT(B$25,FIND("x",B$25)-1))-VALUE(MID(B$25,FIND("x",B$25)+1,99))),IF(VALUE(LEFT(B$25,FIND("x",B$25)-1))=VALUE(MID(B$25,FIND("x",B$25)+1,99)),1,2),0),0))),IF(OR(C22="",C$25=""),0,IF(C22=C$25,5,IFERROR(IF(SIGN(VALUE(LEFT(C22,FIND("x",C22)-1))-VALUE(MID(C22,FIND("x",C22)+1,99)))=SIGN(VALUE(LEFT(C$25,FIND("x",C$25)-1))-VALUE(MID(C$25,FIND("x",C$25)+1,99))),IF(VALUE(LEFT(C$25,FIND("x",C$25)-1))=VALUE(MID(C$25,FIND("x",C$25)+1,99)),1,2),0),0))))&" ("&SUM(IF(AND(B22<>"",B22=B$25),1,0),IF(AND(C22<>"",C22=C$25),1,0))&")") -> 5 (1) | H22: Victor Martins | I22: 1x1 | J22: 1x1 | K22: =IF(COUNTA(I22:J22)=0,"",SUM(IF(OR(I22="",I$25=""),0,IF(I22=I$25,5,IFERROR(IF(SIGN(VALUE(LEFT(I22,FIND("x",I22)-1))-VALUE(MID(I22,FIND("x",I22)+1,99)))=SIGN(VALUE(LEFT(I$25,FIND("x",I$25)-1))-VALUE(MID(I$25,FIND("x",I$25)+1,99))),IF(VALUE(LEFT(I$25,FIND("x",I$25)-1))=VALUE(MID(I$25,FIND("x",I$25)+1,99)),1,2),0),0))),IF(OR(J22="",J$25=""),0,IF(J22=J$25,5,IFERROR(IF(SIGN(VALUE(LEFT(J22,FIND("x",J22)-1))-VALUE(MID(J22,FIND("x",J22)+1,99)))=SIGN(VALUE(LEFT(J$25,FIND("x",J$25)-1))-VALUE(MID(J$25,FIND("x",J$25)+1,99))),IF(VALUE(LEFT(J$25,FIND("x",J$25)-1))=VALUE(MID(J$25,FIND("x",J$25)+1,99)),1,2),0),0))))&" ("&SUM(IF(AND(I22<>"",I22=I$25),1,0),IF(AND(J22<>"",J22=J$25),1,0))&")") -> 5 (1) | O22: Victor Martins | P22: 0x3 | Q22: 1x1 | R22: 0x2 | S22: 0x2 | T22: =IF(COUNTA(P22:S22)=0,"",SUM(IF(OR(P22="",P$25=""),0,IF(P22=P$25,5,IFERROR(IF(SIGN(VALUE(LEFT(P22,FIND("x",P22)-1))-VALUE(MID(P22,FIND("x",P22)+1,99)))=SIGN(VALUE(LEFT(P$25,FIND("x",P$25)-1))-VALUE(MID(P$25,FIND("x",P$25)+1,99))),IF(VALUE(LEFT(P$25,FIND("x",P$25)-1))=VALUE(MID(P$25,FIND("x",P$25)+1,99)),1,2),0),0))),IF(OR(Q22="",Q$25=""),0,IF(Q22=Q$25,5,IFERROR(IF(SIGN(VALUE(LEFT(Q22,FIND("x",Q22)-1))-VALUE(MID(Q22,FIND("x",Q22)+1,99)))=SIGN(VALUE(LEFT(Q$25,FIND("x",Q$25)-1))-VALUE(MID(Q$25,FIND("x",Q$25)+1,99))),IF(VALUE(LEFT(Q$25,FIND("x",Q$25)-1))=VALUE(MID(Q$25,FIND("x",Q$25)+1,99)),1,2),0),0))),IF(OR(R22="",R$25=""),0,IF(R22=R$25,5,IFERROR(IF(SIGN(VALUE(LEFT(R22,FIND("x",R22)-1))-VALUE(MID(R22,FIND("x",R22)+1,99)))=SIGN(VALUE(LEFT(R$25,FIND("x",R$25)-1))-VALUE(MID(R$25,FIND("x",R$25)+1,99))),IF(VALUE(LEFT(R$25,FIND("x",R$25)-1))=VALUE(MID(R$25,FIND("x",R$25)+1,99)),1,2),0),0))),IF(OR(S22="",S$25=""),0,IF(S22=S$25,5,IFERROR(IF(SIGN(VALUE(LEFT(S22,FIND("x",S22)-1))-VALUE(MID(S22,FIND("x",S22)+1,99)))=SIGN(VALUE(LEFT(S$25,FIND("x",S$25)-1))-VALUE(MID(S$25,FIND("x",S$25)+1,99))),IF(VALUE(LEFT(S$25,FIND("x",S$25)-1))=VALUE(MID(S$25,FIND("x",S$25)+1,99)),1,2),0),0))))&" ("&SUM(IF(AND(P22<>"",P22=P$25),1,0),IF(AND(Q22<>"",Q22=Q$25),1,0),IF(AND(R22<>"",R22=R$25),1,0),IF(AND(S22<>"",S22=S$25),1,0))&")") -> 7 (1) | V22: Victor Martins | AA22: =IF(COUNTA(W22:Z22)=0,"",SUM(IF(OR(W22="",W$25=""),0,IF(W22=W$25,5,IFERROR(IF(SIGN(VALUE(LEFT(W22,FIND("x",W22)-1))-VALUE(MID(W22,FIND("x",W22)+1,99)))=SIGN(VALUE(LEFT(W$25,FIND("x",W$25)-1))-VALUE(MID(W$25,FIND("x",W$25)+1,99))),IF(VALUE(LEFT(W$25,FIND("x",W$25)-1))=VALUE(MID(W$25,FIND("x",W$25)+1,99)),1,2),0),0))),IF(OR(X22="",X$25=""),0,IF(X22=X$25,5,IFERROR(IF(SIGN(VALUE(LEFT(X22,FIND("x",X22)-1))-VALUE(MID(X22,FIND("x",X22)+1,99)))=SIGN(VALUE(LEFT(X$25,FIND("x",X$25)-1))-VALUE(MID(X$25,FIND("x",X$25)+1,99))),IF(VALUE(LEFT(X$25,FIND("x",X$25)-1))=VALUE(MID(X$25,FIND("x",X$25)+1,99)),1,2),0),0))),IF(OR(Y22="",Y$25=""),0,IF(Y22=Y$25,5,IFERROR(IF(SIGN(VALUE(LEFT(Y22,FIND("x",Y22)-1))-VALUE(MID(Y22,FIND("x",Y22)+1,99)))=SIGN(VALUE(LEFT(Y$25,FIND("x",Y$25)-1))-VALUE(MID(Y$25,FIND("x",Y$25)+1,99))),IF(VALUE(LEFT(Y$25,FIND("x",Y$25)-1))=VALUE(MID(Y$25,FIND("x",Y$25)+1,99)),1,2),0),0))),IF(OR(Z22="",Z$25=""),0,IF(Z22=Z$25,5,IFERROR(IF(SIGN(VALUE(LEFT(Z22,FIND("x",Z22)-1))-VALUE(MID(Z22,FIND("x",Z22)+1,99)))=SIGN(VALUE(LEFT(Z$25,FIND("x",Z$25)-1))-VALUE(MID(Z$25,FIND("x",Z$25)+1,99))),IF(VALUE(LEFT(Z$25,FIND("x",Z$25)-1))=VALUE(MID(Z$25,FIND("x",Z$25)+1,99)),1,2),0),0))))&" ("&SUM(IF(AND(W22<>"",W22=W$25),1,0),IF(AND(X22<>"",X22=X$25),1,0),IF(AND(Y22<>"",Y22=Y$25),1,0),IF(AND(Z22<>"",Z22=Z$25),1,0))&")") | AC22: Bernardo | AH22: =IF(COUNTA(AD22:AG22)=0,"",SUM(IF(OR(AD22="",AD$34=""),0,IF(AD22=AD$34,5,IFERROR(IF(SIGN(VALUE(LEFT(AD22,FIND("x",AD22)-1))-VALUE(MID(AD22,FIND("x",AD22)+1,99)))=SIGN(VALUE(LEFT(AD$34,FIND("x",AD$34)-1))-VALUE(MID(AD$34,FIND("x",AD$34)+1,99))),IF(VALUE(LEFT(AD$34,FIND("x",AD$34)-1))=VALUE(MID(AD$34,FIND("x",AD$34)+1,99)),1,2),0),0))),IF(OR(AE22="",AE$34=""),0,IF(AE22=AE$34,5,IFERROR(IF(SIGN(VALUE(LEFT(AE22,FIND("x",AE22)-1))-VALUE(MID(AE22,FIND("x",AE22)+1,99)))=SIGN(VALUE(LEFT(AE$34,FIND("x",AE$34)-1))-VALUE(MID(AE$34,FIND("x",AE$34)+1,99))),IF(VALUE(LEFT(AE$34,FIND("x",AE$34)-1))=VALUE(MID(AE$34,FIND("x",AE$34)+1,99)),1,2),0),0))),IF(OR(AF22="",AF$34=""),0,IF(AF22=AF$34,5,IFERROR(IF(SIGN(VALUE(LEFT(AF22,FIND("x",AF22)-1))-VALUE(MID(AF22,FIND("x",AF22)+1,99)))=SIGN(VALUE(LEFT(AF$34,FIND("x",AF$34)-1))-VALUE(MID(AF$34,FIND("x",AF$34)+1,99))),IF(VALUE(LEFT(AF$34,FIND("x",AF$34)-1))=VALUE(MID(AF$34,FIND("x",AF$34)+1,99)),1,2),0),0))),IF(OR(AG22="",AG$34=""),0,IF(AG22=AG$34,5,IFERROR(IF(SIGN(VALUE(LEFT(AG22,FIND("x",AG22)-1))-VALUE(MID(AG22,FIND("x",AG22)+1,99)))=SIGN(VALUE(LEFT(AG$34,FIND("x",AG$34)-1))-VALUE(MID(AG$34,FIND("x",AG$34)+1,99))),IF(VALUE(LEFT(AG$34,FIND("x",AG$34)-1))=VALUE(MID(AG$34,FIND("x",AG$34)+1,99)),1,2),0),0))))&" ("&SUM(IF(AND(AD22<>"",AD22=AD$34),1,0),IF(AND(AE22<>"",AE22=AE$34),1,0),IF(AND(AF22<>"",AF22=AF$34),1,0),IF(AND(AG22<>"",AG22=AG$34),1,0))&")")
A23: Vinicius | B23: 2x0 | C23: 1x1 | D23: =IF(COUNTA(B23:C23)=0,"",SUM(IF(OR(B23="",B$25=""),0,IF(B23=B$25,5,IFERROR(IF(SIGN(VALUE(LEFT(B23,FIND("x",B23)-1))-VALUE(MID(B23,FIND("x",B23)+1,99)))=SIGN(VALUE(LEFT(B$25,FIND("x",B$25)-1))-VALUE(MID(B$25,FIND("x",B$25)+1,99))),IF(VALUE(LEFT(B$25,FIND("x",B$25)-1))=VALUE(MID(B$25,FIND("x",B$25)+1,99)),1,2),0),0))),IF(OR(C23="",C$25=""),0,IF(C23=C$25,5,IFERROR(IF(SIGN(VALUE(LEFT(C23,FIND("x",C23)-1))-VALUE(MID(C23,FIND("x",C23)+1,99)))=SIGN(VALUE(LEFT(C$25,FIND("x",C$25)-1))-VALUE(MID(C$25,FIND("x",C$25)+1,99))),IF(VALUE(LEFT(C$25,FIND("x",C$25)-1))=VALUE(MID(C$25,FIND("x",C$25)+1,99)),1,2),0),0))))&" ("&SUM(IF(AND(B23<>"",B23=B$25),1,0),IF(AND(C23<>"",C23=C$25),1,0))&")") -> 5 (1) | H23: Vinicius | I23: 1x2 | J23: 1x2 | K23: =IF(COUNTA(I23:J23)=0,"",SUM(IF(OR(I23="",I$25=""),0,IF(I23=I$25,5,IFERROR(IF(SIGN(VALUE(LEFT(I23,FIND("x",I23)-1))-VALUE(MID(I23,FIND("x",I23)+1,99)))=SIGN(VALUE(LEFT(I$25,FIND("x",I$25)-1))-VALUE(MID(I$25,FIND("x",I$25)+1,99))),IF(VALUE(LEFT(I$25,FIND("x",I$25)-1))=VALUE(MID(I$25,FIND("x",I$25)+1,99)),1,2),0),0))),IF(OR(J23="",J$25=""),0,IF(J23=J$25,5,IFERROR(IF(SIGN(VALUE(LEFT(J23,FIND("x",J23)-1))-VALUE(MID(J23,FIND("x",J23)+1,99)))=SIGN(VALUE(LEFT(J$25,FIND("x",J$25)-1))-VALUE(MID(J$25,FIND("x",J$25)+1,99))),IF(VALUE(LEFT(J$25,FIND("x",J$25)-1))=VALUE(MID(J$25,FIND("x",J$25)+1,99)),1,2),0),0))))&" ("&SUM(IF(AND(I23<>"",I23=I$25),1,0),IF(AND(J23<>"",J23=J$25),1,0))&")") -> 0 (0) | O23: Vinicius | P23: 1x3 | Q23: 2x1 | R23: 0x3 | S23: 0x2 | T23: =IF(COUNTA(P23:S23)=0,"",SUM(IF(OR(P23="",P$25=""),0,IF(P23=P$25,5,IFERROR(IF(SIGN(VALUE(LEFT(P23,FIND("x",P23)-1))-VALUE(MID(P23,FIND("x",P23)+1,99)))=SIGN(VALUE(LEFT(P$25,FIND("x",P$25)-1))-VALUE(MID(P$25,FIND("x",P$25)+1,99))),IF(VALUE(LEFT(P$25,FIND("x",P$25)-1))=VALUE(MID(P$25,FIND("x",P$25)+1,99)),1,2),0),0))),IF(OR(Q23="",Q$25=""),0,IF(Q23=Q$25,5,IFERROR(IF(SIGN(VALUE(LEFT(Q23,FIND("x",Q23)-1))-VALUE(MID(Q23,FIND("x",Q23)+1,99)))=SIGN(VALUE(LEFT(Q$25,FIND("x",Q$25)-1))-VALUE(MID(Q$25,FIND("x",Q$25)+1,99))),IF(VALUE(LEFT(Q$25,FIND("x",Q$25)-1))=VALUE(MID(Q$25,FIND("x",Q$25)+1,99)),1,2),0),0))),IF(OR(R23="",R$25=""),0,IF(R23=R$25,5,IFERROR(IF(SIGN(VALUE(LEFT(R23,FIND("x",R23)-1))-VALUE(MID(R23,FIND("x",R23)+1,99)))=SIGN(VALUE(LEFT(R$25,FIND("x",R$25)-1))-VALUE(MID(R$25,FIND("x",R$25)+1,99))),IF(VALUE(LEFT(R$25,FIND("x",R$25)-1))=VALUE(MID(R$25,FIND("x",R$25)+1,99)),1,2),0),0))),IF(OR(S23="",S$25=""),0,IF(S23=S$25,5,IFERROR(IF(SIGN(VALUE(LEFT(S23,FIND("x",S23)-1))-VALUE(MID(S23,FIND("x",S23)+1,99)))=SIGN(VALUE(LEFT(S$25,FIND("x",S$25)-1))-VALUE(MID(S$25,FIND("x",S$25)+1,99))),IF(VALUE(LEFT(S$25,FIND("x",S$25)-1))=VALUE(MID(S$25,FIND("x",S$25)+1,99)),1,2),0),0))))&" ("&SUM(IF(AND(P23<>"",P23=P$25),1,0),IF(AND(Q23<>"",Q23=Q$25),1,0),IF(AND(R23<>"",R23=R$25),1,0),IF(AND(S23<>"",S23=S$25),1,0))&")") -> 2 (0) | V23: Vinicius | AA23: =IF(COUNTA(W23:Z23)=0,"",SUM(IF(OR(W23="",W$25=""),0,IF(W23=W$25,5,IFERROR(IF(SIGN(VALUE(LEFT(W23,FIND("x",W23)-1))-VALUE(MID(W23,FIND("x",W23)+1,99)))=SIGN(VALUE(LEFT(W$25,FIND("x",W$25)-1))-VALUE(MID(W$25,FIND("x",W$25)+1,99))),IF(VALUE(LEFT(W$25,FIND("x",W$25)-1))=VALUE(MID(W$25,FIND("x",W$25)+1,99)),1,2),0),0))),IF(OR(X23="",X$25=""),0,IF(X23=X$25,5,IFERROR(IF(SIGN(VALUE(LEFT(X23,FIND("x",X23)-1))-VALUE(MID(X23,FIND("x",X23)+1,99)))=SIGN(VALUE(LEFT(X$25,FIND("x",X$25)-1))-VALUE(MID(X$25,FIND("x",X$25)+1,99))),IF(VALUE(LEFT(X$25,FIND("x",X$25)-1))=VALUE(MID(X$25,FIND("x",X$25)+1,99)),1,2),0),0))),IF(OR(Y23="",Y$25=""),0,IF(Y23=Y$25,5,IFERROR(IF(SIGN(VALUE(LEFT(Y23,FIND("x",Y23)-1))-VALUE(MID(Y23,FIND("x",Y23)+1,99)))=SIGN(VALUE(LEFT(Y$25,FIND("x",Y$25)-1))-VALUE(MID(Y$25,FIND("x",Y$25)+1,99))),IF(VALUE(LEFT(Y$25,FIND("x",Y$25)-1))=VALUE(MID(Y$25,FIND("x",Y$25)+1,99)),1,2),0),0))),IF(OR(Z23="",Z$25=""),0,IF(Z23=Z$25,5,IFERROR(IF(SIGN(VALUE(LEFT(Z23,FIND("x",Z23)-1))-VALUE(MID(Z23,FIND("x",Z23)+1,99)))=SIGN(VALUE(LEFT(Z$25,FIND("x",Z$25)-1))-VALUE(MID(Z$25,FIND("x",Z$25)+1,99))),IF(VALUE(LEFT(Z$25,FIND("x",Z$25)-1))=VALUE(MID(Z$25,FIND("x",Z$25)+1,99)),1,2),0),0))))&" ("&SUM(IF(AND(W23<>"",W23=W$25),1,0),IF(AND(X23<>"",X23=X$25),1,0),IF(AND(Y23<>"",Y23=Y$25),1,0),IF(AND(Z23<>"",Z23=Z$25),1,0))&")") | AC23: Caio Borges | AH23: =IF(COUNTA(AD23:AG23)=0,"",SUM(IF(OR(AD23="",AD$34=""),0,IF(AD23=AD$34,5,IFERROR(IF(SIGN(VALUE(LEFT(AD23,FIND("x",AD23)-1))-VALUE(MID(AD23,FIND("x",AD23)+1,99)))=SIGN(VALUE(LEFT(AD$34,FIND("x",AD$34)-1))-VALUE(MID(AD$34,FIND("x",AD$34)+1,99))),IF(VALUE(LEFT(AD$34,FIND("x",AD$34)-1))=VALUE(MID(AD$34,FIND("x",AD$34)+1,99)),1,2),0),0))),IF(OR(AE23="",AE$34=""),0,IF(AE23=AE$34,5,IFERROR(IF(SIGN(VALUE(LEFT(AE23,FIND("x",AE23)-1))-VALUE(MID(AE23,FIND("x",AE23)+1,99)))=SIGN(VALUE(LEFT(AE$34,FIND("x",AE$34)-1))-VALUE(MID(AE$34,FIND("x",AE$34)+1,99))),IF(VALUE(LEFT(AE$34,FIND("x",AE$34)-1))=VALUE(MID(AE$34,FIND("x",AE$34)+1,99)),1,2),0),0))),IF(OR(AF23="",AF$34=""),0,IF(AF23=AF$34,5,IFERROR(IF(SIGN(VALUE(LEFT(AF23,FIND("x",AF23)-1))-VALUE(MID(AF23,FIND("x",AF23)+1,99)))=SIGN(VALUE(LEFT(AF$34,FIND("x",AF$34)-1))-VALUE(MID(AF$34,FIND("x",AF$34)+1,99))),IF(VALUE(LEFT(AF$34,FIND("x",AF$34)-1))=VALUE(MID(AF$34,FIND("x",AF$34)+1,99)),1,2),0),0))),IF(OR(AG23="",AG$34=""),0,IF(AG23=AG$34,5,IFERROR(IF(SIGN(VALUE(LEFT(AG23,FIND("x",AG23)-1))-VALUE(MID(AG23,FIND("x",AG23)+1,99)))=SIGN(VALUE(LEFT(AG$34,FIND("x",AG$34)-1))-VALUE(MID(AG$34,FIND("x",AG$34)+1,99))),IF(VALUE(LEFT(AG$34,FIND("x",AG$34)-1))=VALUE(MID(AG$34,FIND("x",AG$34)+1,99)),1,2),0),0))))&" ("&SUM(IF(AND(AD23<>"",AD23=AD$34),1,0),IF(AND(AE23<>"",AE23=AE$34),1,0),IF(AND(AF23<>"",AF23=AF$34),1,0),IF(AND(AG23<>"",AG23=AG$34),1,0))&")")
A24: Vitor de Souza | B24: 2x1 | C24: 0x2 | D24: =IF(COUNTA(B24:C24)=0,"",SUM(IF(OR(B24="",B$25=""),0,IF(B24=B$25,5,IFERROR(IF(SIGN(VALUE(LEFT(B24,FIND("x",B24)-1))-VALUE(MID(B24,FIND("x",B24)+1,99)))=SIGN(VALUE(LEFT(B$25,FIND("x",B$25)-1))-VALUE(MID(B$25,FIND("x",B$25)+1,99))),IF(VALUE(LEFT(B$25,FIND("x",B$25)-1))=VALUE(MID(B$25,FIND("x",B$25)+1,99)),1,2),0),0))),IF(OR(C24="",C$25=""),0,IF(C24=C$25,5,IFERROR(IF(SIGN(VALUE(LEFT(C24,FIND("x",C24)-1))-VALUE(MID(C24,FIND("x",C24)+1,99)))=SIGN(VALUE(LEFT(C$25,FIND("x",C$25)-1))-VALUE(MID(C$25,FIND("x",C$25)+1,99))),IF(VALUE(LEFT(C$25,FIND("x",C$25)-1))=VALUE(MID(C$25,FIND("x",C$25)+1,99)),1,2),0),0))))&" ("&SUM(IF(AND(B24<>"",B24=B$25),1,0),IF(AND(C24<>"",C24=C$25),1,0))&")") -> 2 (0) | H24: Vitor de Souza | I24: 1x2 | J24: 0x1 | K24: =IF(COUNTA(I24:J24)=0,"",SUM(IF(OR(I24="",I$25=""),0,IF(I24=I$25,5,IFERROR(IF(SIGN(VALUE(LEFT(I24,FIND("x",I24)-1))-VALUE(MID(I24,FIND("x",I24)+1,99)))=SIGN(VALUE(LEFT(I$25,FIND("x",I$25)-1))-VALUE(MID(I$25,FIND("x",I$25)+1,99))),IF(VALUE(LEFT(I$25,FIND("x",I$25)-1))=VALUE(MID(I$25,FIND("x",I$25)+1,99)),1,2),0),0))),IF(OR(J24="",J$25=""),0,IF(J24=J$25,5,IFERROR(IF(SIGN(VALUE(LEFT(J24,FIND("x",J24)-1))-VALUE(MID(J24,FIND("x",J24)+1,99)))=SIGN(VALUE(LEFT(J$25,FIND("x",J$25)-1))-VALUE(MID(J$25,FIND("x",J$25)+1,99))),IF(VALUE(LEFT(J$25,FIND("x",J$25)-1))=VALUE(MID(J$25,FIND("x",J$25)+1,99)),1,2),0),0))))&" ("&SUM(IF(AND(I24<>"",I24=I$25),1,0),IF(AND(J24<>"",J24=J$25),1,0))&")") -> 0 (0) | O24: Vitor de Souza | P24: 0x4 | Q24: 3x1 | R24: 0x3 | S24: 0x2 | T24: =IF(COUNTA(P24:S24)=0,"",SUM(IF(OR(P24="",P$25=""),0,IF(P24=P$25,5,IFERROR(IF(SIGN(VALUE(LEFT(P24,FIND("x",P24)-1))-VALUE(MID(P24,FIND("x",P24)+1,99)))=SIGN(VALUE(LEFT(P$25,FIND("x",P$25)-1))-VALUE(MID(P$25,FIND("x",P$25)+1,99))),IF(VALUE(LEFT(P$25,FIND("x",P$25)-1))=VALUE(MID(P$25,FIND("x",P$25)+1,99)),1,2),0),0))),IF(OR(Q24="",Q$25=""),0,IF(Q24=Q$25,5,IFERROR(IF(SIGN(VALUE(LEFT(Q24,FIND("x",Q24)-1))-VALUE(MID(Q24,FIND("x",Q24)+1,99)))=SIGN(VALUE(LEFT(Q$25,FIND("x",Q$25)-1))-VALUE(MID(Q$25,FIND("x",Q$25)+1,99))),IF(VALUE(LEFT(Q$25,FIND("x",Q$25)-1))=VALUE(MID(Q$25,FIND("x",Q$25)+1,99)),1,2),0),0))),IF(OR(R24="",R$25=""),0,IF(R24=R$25,5,IFERROR(IF(SIGN(VALUE(LEFT(R24,FIND("x",R24)-1))-VALUE(MID(R24,FIND("x",R24)+1,99)))=SIGN(VALUE(LEFT(R$25,FIND("x",R$25)-1))-VALUE(MID(R$25,FIND("x",R$25)+1,99))),IF(VALUE(LEFT(R$25,FIND("x",R$25)-1))=VALUE(MID(R$25,FIND("x",R$25)+1,99)),1,2),0),0))),IF(OR(S24="",S$25=""),0,IF(S24=S$25,5,IFERROR(IF(SIGN(VALUE(LEFT(S24,FIND("x",S24)-1))-VALUE(MID(S24,FIND("x",S24)+1,99)))=SIGN(VALUE(LEFT(S$25,FIND("x",S$25)-1))-VALUE(MID(S$25,FIND("x",S$25)+1,99))),IF(VALUE(LEFT(S$25,FIND("x",S$25)-1))=VALUE(MID(S$25,FIND("x",S$25)+1,99)),1,2),0),0))))&" ("&SUM(IF(AND(P24<>"",P24=P$25),1,0),IF(AND(Q24<>"",Q24=Q$25),1,0),IF(AND(R24<>"",R24=R$25),1,0),IF(AND(S24<>"",S24=S$25),1,0))&")") -> 2 (0) | V24: Vitor de Souza | AA24: =IF(COUNTA(W24:Z24)=0,"",SUM(IF(OR(W24="",W$25=""),0,IF(W24=W$25,5,IFERROR(IF(SIGN(VALUE(LEFT(W24,FIND("x",W24)-1))-VALUE(MID(W24,FIND("x",W24)+1,99)))=SIGN(VALUE(LEFT(W$25,FIND("x",W$25)-1))-VALUE(MID(W$25,FIND("x",W$25)+1,99))),IF(VALUE(LEFT(W$25,FIND("x",W$25)-1))=VALUE(MID(W$25,FIND("x",W$25)+1,99)),1,2),0),0))),IF(OR(X24="",X$25=""),0,IF(X24=X$25,5,IFERROR(IF(SIGN(VALUE(LEFT(X24,FIND("x",X24)-1))-VALUE(MID(X24,FIND("x",X24)+1,99)))=SIGN(VALUE(LEFT(X$25,FIND("x",X$25)-1))-VALUE(MID(X$25,FIND("x",X$25)+1,99))),IF(VALUE(LEFT(X$25,FIND("x",X$25)-1))=VALUE(MID(X$25,FIND("x",X$25)+1,99)),1,2),0),0))),IF(OR(Y24="",Y$25=""),0,IF(Y24=Y$25,5,IFERROR(IF(SIGN(VALUE(LEFT(Y24,FIND("x",Y24)-1))-VALUE(MID(Y24,FIND("x",Y24)+1,99)))=SIGN(VALUE(LEFT(Y$25,FIND("x",Y$25)-1))-VALUE(MID(Y$25,FIND("x",Y$25)+1,99))),IF(VALUE(LEFT(Y$25,FIND("x",Y$25)-1))=VALUE(MID(Y$25,FIND("x",Y$25)+1,99)),1,2),0),0))),IF(OR(Z24="",Z$25=""),0,IF(Z24=Z$25,5,IFERROR(IF(SIGN(VALUE(LEFT(Z24,FIND("x",Z24)-1))-VALUE(MID(Z24,FIND("x",Z24)+1,99)))=SIGN(VALUE(LEFT(Z$25,FIND("x",Z$25)-1))-VALUE(MID(Z$25,FIND("x",Z$25)+1,99))),IF(VALUE(LEFT(Z$25,FIND("x",Z$25)-1))=VALUE(MID(Z$25,FIND("x",Z$25)+1,99)),1,2),0),0))))&" ("&SUM(IF(AND(W24<>"",W24=W$25),1,0),IF(AND(X24<>"",X24=X$25),1,0),IF(AND(Y24<>"",Y24=Y$25),1,0),IF(AND(Z24<>"",Z24=Z$25),1,0))&")") | AC24: Gabriel Mendes | AH24: =IF(COUNTA(AD24:AG24)=0,"",SUM(IF(OR(AD24="",AD$34=""),0,IF(AD24=AD$34,5,IFERROR(IF(SIGN(VALUE(LEFT(AD24,FIND("x",AD24)-1))-VALUE(MID(AD24,FIND("x",AD24)+1,99)))=SIGN(VALUE(LEFT(AD$34,FIND("x",AD$34)-1))-VALUE(MID(AD$34,FIND("x",AD$34)+1,99))),IF(VALUE(LEFT(AD$34,FIND("x",AD$34)-1))=VALUE(MID(AD$34,FIND("x",AD$34)+1,99)),1,2),0),0))),IF(OR(AE24="",AE$34=""),0,IF(AE24=AE$34,5,IFERROR(IF(SIGN(VALUE(LEFT(AE24,FIND("x",AE24)-1))-VALUE(MID(AE24,FIND("x",AE24)+1,99)))=SIGN(VALUE(LEFT(AE$34,FIND("x",AE$34)-1))-VALUE(MID(AE$34,FIND("x",AE$34)+1,99))),IF(VALUE(LEFT(AE$34,FIND("x",AE$34)-1))=VALUE(MID(AE$34,FIND("x",AE$34)+1,99)),1,2),0),0))),IF(OR(AF24="",AF$34=""),0,IF(AF24=AF$34,5,IFERROR(IF(SIGN(VALUE(LEFT(AF24,FIND("x",AF24)-1))-VALUE(MID(AF24,FIND("x",AF24)+1,99)))=SIGN(VALUE(LEFT(AF$34,FIND("x",AF$34)-1))-VALUE(MID(AF$34,FIND("x",AF$34)+1,99))),IF(VALUE(LEFT(AF$34,FIND("x",AF$34)-1))=VALUE(MID(AF$34,FIND("x",AF$34)+1,99)),1,2),0),0))),IF(OR(AG24="",AG$34=""),0,IF(AG24=AG$34,5,IFERROR(IF(SIGN(VALUE(LEFT(AG24,FIND("x",AG24)-1))-VALUE(MID(AG24,FIND("x",AG24)+1,99)))=SIGN(VALUE(LEFT(AG$34,FIND("x",AG$34)-1))-VALUE(MID(AG$34,FIND("x",AG$34)+1,99))),IF(VALUE(LEFT(AG$34,FIND("x",AG$34)-1))=VALUE(MID(AG$34,FIND("x",AG$34)+1,99)),1,2),0),0))))&" ("&SUM(IF(AND(AD24<>"",AD24=AD$34),1,0),IF(AND(AE24<>"",AE24=AE$34),1,0),IF(AND(AF24<>"",AF24=AF$34),1,0),IF(AND(AG24<>"",AG24=AG$34),1,0))&")")
A25: RESULTADO | B25: 2x0 | C25: 2x1 | H25: RESULTADO | I25: 1x1 | J25: 4x1 | O25: RESULTADO | P25: 1x1 | Q25: 1x1 | R25: 0x1 | S25: 2x0 | V25: RESULTADO | AH25: =IF(COUNTA(AD25:AG25)=0,"",SUM(IF(OR(AD25="",AD$34=""),0,IF(AD25=AD$34,5,IFERROR(IF(SIGN(VALUE(LEFT(AD25,FIND("x",AD25)-1))-VALUE(MID(AD25,FIND("x",AD25)+1,99)))=SIGN(VALUE(LEFT(AD$34,FIND("x",AD$34)-1))-VALUE(MID(AD$34,FIND("x",AD$34)+1,99))),IF(VALUE(LEFT(AD$34,FIND("x",AD$34)-1))=VALUE(MID(AD$34,FIND("x",AD$34)+1,99)),1,2),0),0))),IF(OR(AE25="",AE$34=""),0,IF(AE25=AE$34,5,IFERROR(IF(SIGN(VALUE(LEFT(AE25,FIND("x",AE25)-1))-VALUE(MID(AE25,FIND("x",AE25)+1,99)))=SIGN(VALUE(LEFT(AE$34,FIND("x",AE$34)-1))-VALUE(MID(AE$34,FIND("x",AE$34)+1,99))),IF(VALUE(LEFT(AE$34,FIND("x",AE$34)-1))=VALUE(MID(AE$34,FIND("x",AE$34)+1,99)),1,2),0),0))),IF(OR(AF25="",AF$34=""),0,IF(AF25=AF$34,5,IFERROR(IF(SIGN(VALUE(LEFT(AF25,FIND("x",AF25)-1))-VALUE(MID(AF25,FIND("x",AF25)+1,99)))=SIGN(VALUE(LEFT(AF$34,FIND("x",AF$34)-1))-VALUE(MID(AF$34,FIND("x",AF$34)+1,99))),IF(VALUE(LEFT(AF$34,FIND("x",AF$34)-1))=VALUE(MID(AF$34,FIND("x",AF$34)+1,99)),1,2),0),0))),IF(OR(AG25="",AG$34=""),0,IF(AG25=AG$34,5,IFERROR(IF(SIGN(VALUE(LEFT(AG25,FIND("x",AG25)-1))-VALUE(MID(AG25,FIND("x",AG25)+1,99)))=SIGN(VALUE(LEFT(AG$34,FIND("x",AG$34)-1))-VALUE(MID(AG$34,FIND("x",AG$34)+1,99))),IF(VALUE(LEFT(AG$34,FIND("x",AG$34)-1))=VALUE(MID(AG$34,FIND("x",AG$34)+1,99)),1,2),0),0))))&" ("&SUM(IF(AND(AD25<>"",AD25=AD$34),1,0),IF(AND(AE25<>"",AE25=AE$34),1,0),IF(AND(AF25<>"",AF25=AF$34),1,0),IF(AND(AG25<>"",AG25=AG$34),1,0))&")")
AH26: =IF(COUNTA(AD26:AG26)=0,"",SUM(IF(OR(AD26="",AD$34=""),0,IF(AD26=AD$34,5,IFERROR(IF(SIGN(VALUE(LEFT(AD26,FIND("x",AD26)-1))-VALUE(MID(AD26,FIND("x",AD26)+1,99)))=SIGN(VALUE(LEFT(AD$34,FIND("x",AD$34)-1))-VALUE(MID(AD$34,FIND("x",AD$34)+1,99))),IF(VALUE(LEFT(AD$34,FIND("x",AD$34)-1))=VALUE(MID(AD$34,FIND("x",AD$34)+1,99)),1,2),0),0))),IF(OR(AE26="",AE$34=""),0,IF(AE26=AE$34,5,IFERROR(IF(SIGN(VALUE(LEFT(AE26,FIND("x",AE26)-1))-VALUE(MID(AE26,FIND("x",AE26)+1,99)))=SIGN(VALUE(LEFT(AE$34,FIND("x",AE$34)-1))-VALUE(MID(AE$34,FIND("x",AE$34)+1,99))),IF(VALUE(LEFT(AE$34,FIND("x",AE$34)-1))=VALUE(MID(AE$34,FIND("x",AE$34)+1,99)),1,2),0),0))),IF(OR(AF26="",AF$34=""),0,IF(AF26=AF$34,5,IFERROR(IF(SIGN(VALUE(LEFT(AF26,FIND("x",AF26)-1))-VALUE(MID(AF26,FIND("x",AF26)+1,99)))=SIGN(VALUE(LEFT(AF$34,FIND("x",AF$34)-1))-VALUE(MID(AF$34,FIND("x",AF$34)+1,99))),IF(VALUE(LEFT(AF$34,FIND("x",AF$34)-1))=VALUE(MID(AF$34,FIND("x",AF$34)+1,99)),1,2),0),0))),IF(OR(AG26="",AG$34=""),0,IF(AG26=AG$34,5,IFERROR(IF(SIGN(VALUE(LEFT(AG26,FIND("x",AG26)-1))-VALUE(MID(AG26,FIND("x",AG26)+1,99)))=SIGN(VALUE(LEFT(AG$34,FIND("x",AG$34)-1))-VALUE(MID(AG$34,FIND("x",AG$34)+1,99))),IF(VALUE(LEFT(AG$34,FIND("x",AG$34)-1))=VALUE(MID(AG$34,FIND("x",AG$34)+1,99)),1,2),0),0))))&" ("&SUM(IF(AND(AD26<>"",AD26=AD$34),1,0),IF(AND(AE26<>"",AE26=AE$34),1,0),IF(AND(AF26<>"",AF26=AF$34),1,0),IF(AND(AG26<>"",AG26=AG$34),1,0))&")")
A27: TERÇA | B27: 0.66666667 | C27: 0.79166667 | D27: 0.91666667 | E27: 0.041666667 | H27: QUARTA | I27: 0.58333333 | J27: 0.70833333 | K27: 0.83333333 | L27: 0.95833333 | O27: QUINTA | P27: 0.54166667 | Q27: 0.66666667 | R27: 0.79166667 | S27: 0.91666667 | V27: SEXTA | W27: 0.66666667 | X27: 0.79166667 | Y27: 0.89583333 | Z27: 0 | AC27: Karen | AH27: =IF(COUNTA(AD27:AG27)=0,"",SUM(IF(OR(AD27="",AD$34=""),0,IF(AD27=AD$34,5,IFERROR(IF(SIGN(VALUE(LEFT(AD27,FIND("x",AD27)-1))-VALUE(MID(AD27,FIND("x",AD27)+1,99)))=SIGN(VALUE(LEFT(AD$34,FIND("x",AD$34)-1))-VALUE(MID(AD$34,FIND("x",AD$34)+1,99))),IF(VALUE(LEFT(AD$34,FIND("x",AD$34)-1))=VALUE(MID(AD$34,FIND("x",AD$34)+1,99)),1,2),0),0))),IF(OR(AE27="",AE$34=""),0,IF(AE27=AE$34,5,IFERROR(IF(SIGN(VALUE(LEFT(AE27,FIND("x",AE27)-1))-VALUE(MID(AE27,FIND("x",AE27)+1,99)))=SIGN(VALUE(LEFT(AE$34,FIND("x",AE$34)-1))-VALUE(MID(AE$34,FIND("x",AE$34)+1,99))),IF(VALUE(LEFT(AE$34,FIND("x",AE$34)-1))=VALUE(MID(AE$34,FIND("x",AE$34)+1,99)),1,2),0),0))),IF(OR(AF27="",AF$34=""),0,IF(AF27=AF$34,5,IFERROR(IF(SIGN(VALUE(LEFT(AF27,FIND("x",AF27)-1))-VALUE(MID(AF27,FIND("x",AF27)+1,99)))=SIGN(VALUE(LEFT(AF$34,FIND("x",AF$34)-1))-VALUE(MID(AF$34,FIND("x",AF$34)+1,99))),IF(VALUE(LEFT(AF$34,FIND("x",AF$34)-1))=VALUE(MID(AF$34,FIND("x",AF$34)+1,99)),1,2),0),0))),IF(OR(AG27="",AG$34=""),0,IF(AG27=AG$34,5,IFERROR(IF(SIGN(VALUE(LEFT(AG27,FIND("x",AG27)-1))-VALUE(MID(AG27,FIND("x",AG27)+1,99)))=SIGN(VALUE(LEFT(AG$34,FIND("x",AG$34)-1))-VALUE(MID(AG$34,FIND("x",AG$34)+1,99))),IF(VALUE(LEFT(AG$34,FIND("x",AG$34)-1))=VALUE(MID(AG$34,FIND("x",AG$34)+1,99)),1,2),0),0))))&" ("&SUM(IF(AND(AD27<>"",AD27=AD$34),1,0),IF(AND(AE27<>"",AE27=AE$34),1,0),IF(AND(AF27<>"",AF27=AF$34),1,0),IF(AND(AG27<>"",AG27=AG$34),1,0))&")")
A28: DIA 6 - 16/06 | B28: FRA x SEN | C28: IRQ x NOR | D28: ARG x AGL | E28: ÁUS x JOR | F28: TOTAL | H28: DIA 7 - 17/06 | I28: POR x RDC | J28: ING x CRO | K28: GAN x PAN | L28: UZB x COL | M28: TOTAL | O28: DIA 8 - 18/06 | P28: TCH x AFS | Q28: SUI x BOS | R28: CAN x CAT | S28: MÉX x COR | T28: TOTAL | V28: DIA 9 - 19/06 | W28: EUA x AUS | X28: ESC x MAR | Y28: BRA x HAI | Z28: TUR x PAR | AA28: TOTAL | AC28: Lucas | AH28: =IF(COUNTA(AD28:AG28)=0,"",SUM(IF(OR(AD28="",AD$34=""),0,IF(AD28=AD$34,5,IFERROR(IF(SIGN(VALUE(LEFT(AD28,FIND("x",AD28)-1))-VALUE(MID(AD28,FIND("x",AD28)+1,99)))=SIGN(VALUE(LEFT(AD$34,FIND("x",AD$34)-1))-VALUE(MID(AD$34,FIND("x",AD$34)+1,99))),IF(VALUE(LEFT(AD$34,FIND("x",AD$34)-1))=VALUE(MID(AD$34,FIND("x",AD$34)+1,99)),1,2),0),0))),IF(OR(AE28="",AE$34=""),0,IF(AE28=AE$34,5,IFERROR(IF(SIGN(VALUE(LEFT(AE28,FIND("x",AE28)-1))-VALUE(MID(AE28,FIND("x",AE28)+1,99)))=SIGN(VALUE(LEFT(AE$34,FIND("x",AE$34)-1))-VALUE(MID(AE$34,FIND("x",AE$34)+1,99))),IF(VALUE(LEFT(AE$34,FIND("x",AE$34)-1))=VALUE(MID(AE$34,FIND("x",AE$34)+1,99)),1,2),0),0))),IF(OR(AF28="",AF$34=""),0,IF(AF28=AF$34,5,IFERROR(IF(SIGN(VALUE(LEFT(AF28,FIND("x",AF28)-1))-VALUE(MID(AF28,FIND("x",AF28)+1,99)))=SIGN(VALUE(LEFT(AF$34,FIND("x",AF$34)-1))-VALUE(MID(AF$34,FIND("x",AF$34)+1,99))),IF(VALUE(LEFT(AF$34,FIND("x",AF$34)-1))=VALUE(MID(AF$34,FIND("x",AF$34)+1,99)),1,2),0),0))),IF(OR(AG28="",AG$34=""),0,IF(AG28=AG$34,5,IFERROR(IF(SIGN(VALUE(LEFT(AG28,FIND("x",AG28)-1))-VALUE(MID(AG28,FIND("x",AG28)+1,99)))=SIGN(VALUE(LEFT(AG$34,FIND("x",AG$34)-1))-VALUE(MID(AG$34,FIND("x",AG$34)+1,99))),IF(VALUE(LEFT(AG$34,FIND("x",AG$34)-1))=VALUE(MID(AG$34,FIND("x",AG$34)+1,99)),1,2),0),0))))&" ("&SUM(IF(AND(AD28<>"",AD28=AD$34),1,0),IF(AND(AE28<>"",AE28=AE$34),1,0),IF(AND(AF28<>"",AF28=AF$34),1,0),IF(AND(AG28<>"",AG28=AG$34),1,0))&")")
A29: Brenno | F29: =IF(COUNTA(B29:E29)=0,"",SUM(IF(OR(B29="",B$43=""),0,IF(B29=B$43,5,IFERROR(IF(SIGN(VALUE(LEFT(B29,FIND("x",B29)-1))-VALUE(MID(B29,FIND("x",B29)+1,99)))=SIGN(VALUE(LEFT(B$43,FIND("x",B$43)-1))-VALUE(MID(B$43,FIND("x",B$43)+1,99))),IF(VALUE(LEFT(B$43,FIND("x",B$43)-1))=VALUE(MID(B$43,FIND("x",B$43)+1,99)),1,2),0),0))),IF(OR(C29="",C$43=""),0,IF(C29=C$43,5,IFERROR(IF(SIGN(VALUE(LEFT(C29,FIND("x",C29)-1))-VALUE(MID(C29,FIND("x",C29)+1,99)))=SIGN(VALUE(LEFT(C$43,FIND("x",C$43)-1))-VALUE(MID(C$43,FIND("x",C$43)+1,99))),IF(VALUE(LEFT(C$43,FIND("x",C$43)-1))=VALUE(MID(C$43,FIND("x",C$43)+1,99)),1,2),0),0))),IF(OR(D29="",D$43=""),0,IF(D29=D$43,5,IFERROR(IF(SIGN(VALUE(LEFT(D29,FIND("x",D29)-1))-VALUE(MID(D29,FIND("x",D29)+1,99)))=SIGN(VALUE(LEFT(D$43,FIND("x",D$43)-1))-VALUE(MID(D$43,FIND("x",D$43)+1,99))),IF(VALUE(LEFT(D$43,FIND("x",D$43)-1))=VALUE(MID(D$43,FIND("x",D$43)+1,99)),1,2),0),0))),IF(OR(E29="",E$43=""),0,IF(E29=E$43,5,IFERROR(IF(SIGN(VALUE(LEFT(E29,FIND("x",E29)-1))-VALUE(MID(E29,FIND("x",E29)+1,99)))=SIGN(VALUE(LEFT(E$43,FIND("x",E$43)-1))-VALUE(MID(E$43,FIND("x",E$43)+1,99))),IF(VALUE(LEFT(E$43,FIND("x",E$43)-1))=VALUE(MID(E$43,FIND("x",E$43)+1,99)),1,2),0),0))))&" ("&SUM(IF(AND(B29<>"",B29=B$43),1,0),IF(AND(C29<>"",C29=C$43),1,0),IF(AND(D29<>"",D29=D$43),1,0),IF(AND(E29<>"",E29=E$43),1,0))&")") | H29: Brenno | M29: =IF(COUNTA(I29:L29)=0,"",SUM(IF(OR(I29="",I$43=""),0,IF(I29=I$43,5,IFERROR(IF(SIGN(VALUE(LEFT(I29,FIND("x",I29)-1))-VALUE(MID(I29,FIND("x",I29)+1,99)))=SIGN(VALUE(LEFT(I$43,FIND("x",I$43)-1))-VALUE(MID(I$43,FIND("x",I$43)+1,99))),IF(VALUE(LEFT(I$43,FIND("x",I$43)-1))=VALUE(MID(I$43,FIND("x",I$43)+1,99)),1,2),0),0))),IF(OR(J29="",J$43=""),0,IF(J29=J$43,5,IFERROR(IF(SIGN(VALUE(LEFT(J29,FIND("x",J29)-1))-VALUE(MID(J29,FIND("x",J29)+1,99)))=SIGN(VALUE(LEFT(J$43,FIND("x",J$43)-1))-VALUE(MID(J$43,FIND("x",J$43)+1,99))),IF(VALUE(LEFT(J$43,FIND("x",J$43)-1))=VALUE(MID(J$43,FIND("x",J$43)+1,99)),1,2),0),0))),IF(OR(K29="",K$43=""),0,IF(K29=K$43,5,IFERROR(IF(SIGN(VALUE(LEFT(K29,FIND("x",K29)-1))-VALUE(MID(K29,FIND("x",K29)+1,99)))=SIGN(VALUE(LEFT(K$43,FIND("x",K$43)-1))-VALUE(MID(K$43,FIND("x",K$43)+1,99))),IF(VALUE(LEFT(K$43,FIND("x",K$43)-1))=VALUE(MID(K$43,FIND("x",K$43)+1,99)),1,2),0),0))),IF(OR(L29="",L$43=""),0,IF(L29=L$43,5,IFERROR(IF(SIGN(VALUE(LEFT(L29,FIND("x",L29)-1))-VALUE(MID(L29,FIND("x",L29)+1,99)))=SIGN(VALUE(LEFT(L$43,FIND("x",L$43)-1))-VALUE(MID(L$43,FIND("x",L$43)+1,99))),IF(VALUE(LEFT(L$43,FIND("x",L$43)-1))=VALUE(MID(L$43,FIND("x",L$43)+1,99)),1,2),0),0))))&" ("&SUM(IF(AND(I29<>"",I29=I$43),1,0),IF(AND(J29<>"",J29=J$43),1,0),IF(AND(K29<>"",K29=K$43),1,0),IF(AND(L29<>"",L29=L$43),1,0))&")") | O29: Brenno | T29: =IF(COUNTA(P29:S29)=0,"",SUM(IF(OR(P29="",P$43=""),0,IF(P29=P$43,5,IFERROR(IF(SIGN(VALUE(LEFT(P29,FIND("x",P29)-1))-VALUE(MID(P29,FIND("x",P29)+1,99)))=SIGN(VALUE(LEFT(P$43,FIND("x",P$43)-1))-VALUE(MID(P$43,FIND("x",P$43)+1,99))),IF(VALUE(LEFT(P$43,FIND("x",P$43)-1))=VALUE(MID(P$43,FIND("x",P$43)+1,99)),1,2),0),0))),IF(OR(Q29="",Q$43=""),0,IF(Q29=Q$43,5,IFERROR(IF(SIGN(VALUE(LEFT(Q29,FIND("x",Q29)-1))-VALUE(MID(Q29,FIND("x",Q29)+1,99)))=SIGN(VALUE(LEFT(Q$43,FIND("x",Q$43)-1))-VALUE(MID(Q$43,FIND("x",Q$43)+1,99))),IF(VALUE(LEFT(Q$43,FIND("x",Q$43)-1))=VALUE(MID(Q$43,FIND("x",Q$43)+1,99)),1,2),0),0))),IF(OR(R29="",R$43=""),0,IF(R29=R$43,5,IFERROR(IF(SIGN(VALUE(LEFT(R29,FIND("x",R29)-1))-VALUE(MID(R29,FIND("x",R29)+1,99)))=SIGN(VALUE(LEFT(R$43,FIND("x",R$43)-1))-VALUE(MID(R$43,FIND("x",R$43)+1,99))),IF(VALUE(LEFT(R$43,FIND("x",R$43)-1))=VALUE(MID(R$43,FIND("x",R$43)+1,99)),1,2),0),0))),IF(OR(S29="",S$43=""),0,IF(S29=S$43,5,IFERROR(IF(SIGN(VALUE(LEFT(S29,FIND("x",S29)-1))-VALUE(MID(S29,FIND("x",S29)+1,99)))=SIGN(VALUE(LEFT(S$43,FIND("x",S$43)-1))-VALUE(MID(S$43,FIND("x",S$43)+1,99))),IF(VALUE(LEFT(S$43,FIND("x",S$43)-1))=VALUE(MID(S$43,FIND("x",S$43)+1,99)),1,2),0),0))))&" ("&SUM(IF(AND(P29<>"",P29=P$43),1,0),IF(AND(Q29<>"",Q29=Q$43),1,0),IF(AND(R29<>"",R29=R$43),1,0),IF(AND(S29<>"",S29=S$43),1,0))&")") | V29: Brenno | AA29: =IF(COUNTA(W29:Z29)=0,"",SUM(IF(OR(W29="",W$43=""),0,IF(W29=W$43,5,IFERROR(IF(SIGN(VALUE(LEFT(W29,FIND("x",W29)-1))-VALUE(MID(W29,FIND("x",W29)+1,99)))=SIGN(VALUE(LEFT(W$43,FIND("x",W$43)-1))-VALUE(MID(W$43,FIND("x",W$43)+1,99))),IF(VALUE(LEFT(W$43,FIND("x",W$43)-1))=VALUE(MID(W$43,FIND("x",W$43)+1,99)),1,2),0),0))),IF(OR(X29="",X$43=""),0,IF(X29=X$43,5,IFERROR(IF(SIGN(VALUE(LEFT(X29,FIND("x",X29)-1))-VALUE(MID(X29,FIND("x",X29)+1,99)))=SIGN(VALUE(LEFT(X$43,FIND("x",X$43)-1))-VALUE(MID(X$43,FIND("x",X$43)+1,99))),IF(VALUE(LEFT(X$43,FIND("x",X$43)-1))=VALUE(MID(X$43,FIND("x",X$43)+1,99)),1,2),0),0))),IF(OR(Y29="",Y$43=""),0,IF(Y29=Y$43,5,IFERROR(IF(SIGN(VALUE(LEFT(Y29,FIND("x",Y29)-1))-VALUE(MID(Y29,FIND("x",Y29)+1,99)))=SIGN(VALUE(LEFT(Y$43,FIND("x",Y$43)-1))-VALUE(MID(Y$43,FIND("x",Y$43)+1,99))),IF(VALUE(LEFT(Y$43,FIND("x",Y$43)-1))=VALUE(MID(Y$43,FIND("x",Y$43)+1,99)),1,2),0),0))),IF(OR(Z29="",Z$43=""),0,IF(Z29=Z$43,5,IFERROR(IF(SIGN(VALUE(LEFT(Z29,FIND("x",Z29)-1))-VALUE(MID(Z29,FIND("x",Z29)+1,99)))=SIGN(VALUE(LEFT(Z$43,FIND("x",Z$43)-1))-VALUE(MID(Z$43,FIND("x",Z$43)+1,99))),IF(VALUE(LEFT(Z$43,FIND("x",Z$43)-1))=VALUE(MID(Z$43,FIND("x",Z$43)+1,99)),1,2),0),0))))&" ("&SUM(IF(AND(W29<>"",W29=W$43),1,0),IF(AND(X29<>"",X29=X$43),1,0),IF(AND(Y29<>"",Y29=Y$43),1,0),IF(AND(Z29<>"",Z29=Z$43),1,0))&")") | AC29: Maria Clara | AH29: =IF(COUNTA(AD29:AG29)=0,"",SUM(IF(OR(AD29="",AD$34=""),0,IF(AD29=AD$34,5,IFERROR(IF(SIGN(VALUE(LEFT(AD29,FIND("x",AD29)-1))-VALUE(MID(AD29,FIND("x",AD29)+1,99)))=SIGN(VALUE(LEFT(AD$34,FIND("x",AD$34)-1))-VALUE(MID(AD$34,FIND("x",AD$34)+1,99))),IF(VALUE(LEFT(AD$34,FIND("x",AD$34)-1))=VALUE(MID(AD$34,FIND("x",AD$34)+1,99)),1,2),0),0))),IF(OR(AE29="",AE$34=""),0,IF(AE29=AE$34,5,IFERROR(IF(SIGN(VALUE(LEFT(AE29,FIND("x",AE29)-1))-VALUE(MID(AE29,FIND("x",AE29)+1,99)))=SIGN(VALUE(LEFT(AE$34,FIND("x",AE$34)-1))-VALUE(MID(AE$34,FIND("x",AE$34)+1,99))),IF(VALUE(LEFT(AE$34,FIND("x",AE$34)-1))=VALUE(MID(AE$34,FIND("x",AE$34)+1,99)),1,2),0),0))),IF(OR(AF29="",AF$34=""),0,IF(AF29=AF$34,5,IFERROR(IF(SIGN(VALUE(LEFT(AF29,FIND("x",AF29)-1))-VALUE(MID(AF29,FIND("x",AF29)+1,99)))=SIGN(VALUE(LEFT(AF$34,FIND("x",AF$34)-1))-VALUE(MID(AF$34,FIND("x",AF$34)+1,99))),IF(VALUE(LEFT(AF$34,FIND("x",AF$34)-1))=VALUE(MID(AF$34,FIND("x",AF$34)+1,99)),1,2),0),0))),IF(OR(AG29="",AG$34=""),0,IF(AG29=AG$34,5,IFERROR(IF(SIGN(VALUE(LEFT(AG29,FIND("x",AG29)-1))-VALUE(MID(AG29,FIND("x",AG29)+1,99)))=SIGN(VALUE(LEFT(AG$34,FIND("x",AG$34)-1))-VALUE(MID(AG$34,FIND("x",AG$34)+1,99))),IF(VALUE(LEFT(AG$34,FIND("x",AG$34)-1))=VALUE(MID(AG$34,FIND("x",AG$34)+1,99)),1,2),0),0))))&" ("&SUM(IF(AND(AD29<>"",AD29=AD$34),1,0),IF(AND(AE29<>"",AE29=AE$34),1,0),IF(AND(AF29<>"",AF29=AF$34),1,0),IF(AND(AG29<>"",AG29=AG$34),1,0))&")")
A30: Bernardo | F30: =IF(COUNTA(B30:E30)=0,"",SUM(IF(OR(B30="",B$43=""),0,IF(B30=B$43,5,IFERROR(IF(SIGN(VALUE(LEFT(B30,FIND("x",B30)-1))-VALUE(MID(B30,FIND("x",B30)+1,99)))=SIGN(VALUE(LEFT(B$43,FIND("x",B$43)-1))-VALUE(MID(B$43,FIND("x",B$43)+1,99))),IF(VALUE(LEFT(B$43,FIND("x",B$43)-1))=VALUE(MID(B$43,FIND("x",B$43)+1,99)),1,2),0),0))),IF(OR(C30="",C$43=""),0,IF(C30=C$43,5,IFERROR(IF(SIGN(VALUE(LEFT(C30,FIND("x",C30)-1))-VALUE(MID(C30,FIND("x",C30)+1,99)))=SIGN(VALUE(LEFT(C$43,FIND("x",C$43)-1))-VALUE(MID(C$43,FIND("x",C$43)+1,99))),IF(VALUE(LEFT(C$43,FIND("x",C$43)-1))=VALUE(MID(C$43,FIND("x",C$43)+1,99)),1,2),0),0))),IF(OR(D30="",D$43=""),0,IF(D30=D$43,5,IFERROR(IF(SIGN(VALUE(LEFT(D30,FIND("x",D30)-1))-VALUE(MID(D30,FIND("x",D30)+1,99)))=SIGN(VALUE(LEFT(D$43,FIND("x",D$43)-1))-VALUE(MID(D$43,FIND("x",D$43)+1,99))),IF(VALUE(LEFT(D$43,FIND("x",D$43)-1))=VALUE(MID(D$43,FIND("x",D$43)+1,99)),1,2),0),0))),IF(OR(E30="",E$43=""),0,IF(E30=E$43,5,IFERROR(IF(SIGN(VALUE(LEFT(E30,FIND("x",E30)-1))-VALUE(MID(E30,FIND("x",E30)+1,99)))=SIGN(VALUE(LEFT(E$43,FIND("x",E$43)-1))-VALUE(MID(E$43,FIND("x",E$43)+1,99))),IF(VALUE(LEFT(E$43,FIND("x",E$43)-1))=VALUE(MID(E$43,FIND("x",E$43)+1,99)),1,2),0),0))))&" ("&SUM(IF(AND(B30<>"",B30=B$43),1,0),IF(AND(C30<>"",C30=C$43),1,0),IF(AND(D30<>"",D30=D$43),1,0),IF(AND(E30<>"",E30=E$43),1,0))&")") | H30: Bernardo | M30: =IF(COUNTA(I30:L30)=0,"",SUM(IF(OR(I30="",I$43=""),0,IF(I30=I$43,5,IFERROR(IF(SIGN(VALUE(LEFT(I30,FIND("x",I30)-1))-VALUE(MID(I30,FIND("x",I30)+1,99)))=SIGN(VALUE(LEFT(I$43,FIND("x",I$43)-1))-VALUE(MID(I$43,FIND("x",I$43)+1,99))),IF(VALUE(LEFT(I$43,FIND("x",I$43)-1))=VALUE(MID(I$43,FIND("x",I$43)+1,99)),1,2),0),0))),IF(OR(J30="",J$43=""),0,IF(J30=J$43,5,IFERROR(IF(SIGN(VALUE(LEFT(J30,FIND("x",J30)-1))-VALUE(MID(J30,FIND("x",J30)+1,99)))=SIGN(VALUE(LEFT(J$43,FIND("x",J$43)-1))-VALUE(MID(J$43,FIND("x",J$43)+1,99))),IF(VALUE(LEFT(J$43,FIND("x",J$43)-1))=VALUE(MID(J$43,FIND("x",J$43)+1,99)),1,2),0),0))),IF(OR(K30="",K$43=""),0,IF(K30=K$43,5,IFERROR(IF(SIGN(VALUE(LEFT(K30,FIND("x",K30)-1))-VALUE(MID(K30,FIND("x",K30)+1,99)))=SIGN(VALUE(LEFT(K$43,FIND("x",K$43)-1))-VALUE(MID(K$43,FIND("x",K$43)+1,99))),IF(VALUE(LEFT(K$43,FIND("x",K$43)-1))=VALUE(MID(K$43,FIND("x",K$43)+1,99)),1,2),0),0))),IF(OR(L30="",L$43=""),0,IF(L30=L$43,5,IFERROR(IF(SIGN(VALUE(LEFT(L30,FIND("x",L30)-1))-VALUE(MID(L30,FIND("x",L30)+1,99)))=SIGN(VALUE(LEFT(L$43,FIND("x",L$43)-1))-VALUE(MID(L$43,FIND("x",L$43)+1,99))),IF(VALUE(LEFT(L$43,FIND("x",L$43)-1))=VALUE(MID(L$43,FIND("x",L$43)+1,99)),1,2),0),0))))&" ("&SUM(IF(AND(I30<>"",I30=I$43),1,0),IF(AND(J30<>"",J30=J$43),1,0),IF(AND(K30<>"",K30=K$43),1,0),IF(AND(L30<>"",L30=L$43),1,0))&")") | O30: Bernardo | T30: =IF(COUNTA(P30:S30)=0,"",SUM(IF(OR(P30="",P$43=""),0,IF(P30=P$43,5,IFERROR(IF(SIGN(VALUE(LEFT(P30,FIND("x",P30)-1))-VALUE(MID(P30,FIND("x",P30)+1,99)))=SIGN(VALUE(LEFT(P$43,FIND("x",P$43)-1))-VALUE(MID(P$43,FIND("x",P$43)+1,99))),IF(VALUE(LEFT(P$43,FIND("x",P$43)-1))=VALUE(MID(P$43,FIND("x",P$43)+1,99)),1,2),0),0))),IF(OR(Q30="",Q$43=""),0,IF(Q30=Q$43,5,IFERROR(IF(SIGN(VALUE(LEFT(Q30,FIND("x",Q30)-1))-VALUE(MID(Q30,FIND("x",Q30)+1,99)))=SIGN(VALUE(LEFT(Q$43,FIND("x",Q$43)-1))-VALUE(MID(Q$43,FIND("x",Q$43)+1,99))),IF(VALUE(LEFT(Q$43,FIND("x",Q$43)-1))=VALUE(MID(Q$43,FIND("x",Q$43)+1,99)),1,2),0),0))),IF(OR(R30="",R$43=""),0,IF(R30=R$43,5,IFERROR(IF(SIGN(VALUE(LEFT(R30,FIND("x",R30)-1))-VALUE(MID(R30,FIND("x",R30)+1,99)))=SIGN(VALUE(LEFT(R$43,FIND("x",R$43)-1))-VALUE(MID(R$43,FIND("x",R$43)+1,99))),IF(VALUE(LEFT(R$43,FIND("x",R$43)-1))=VALUE(MID(R$43,FIND("x",R$43)+1,99)),1,2),0),0))),IF(OR(S30="",S$43=""),0,IF(S30=S$43,5,IFERROR(IF(SIGN(VALUE(LEFT(S30,FIND("x",S30)-1))-VALUE(MID(S30,FIND("x",S30)+1,99)))=SIGN(VALUE(LEFT(S$43,FIND("x",S$43)-1))-VALUE(MID(S$43,FIND("x",S$43)+1,99))),IF(VALUE(LEFT(S$43,FIND("x",S$43)-1))=VALUE(MID(S$43,FIND("x",S$43)+1,99)),1,2),0),0))))&" ("&SUM(IF(AND(P30<>"",P30=P$43),1,0),IF(AND(Q30<>"",Q30=Q$43),1,0),IF(AND(R30<>"",R30=R$43),1,0),IF(AND(S30<>"",S30=S$43),1,0))&")") | V30: Bernardo | AA30: =IF(COUNTA(W30:Z30)=0,"",SUM(IF(OR(W30="",W$43=""),0,IF(W30=W$43,5,IFERROR(IF(SIGN(VALUE(LEFT(W30,FIND("x",W30)-1))-VALUE(MID(W30,FIND("x",W30)+1,99)))=SIGN(VALUE(LEFT(W$43,FIND("x",W$43)-1))-VALUE(MID(W$43,FIND("x",W$43)+1,99))),IF(VALUE(LEFT(W$43,FIND("x",W$43)-1))=VALUE(MID(W$43,FIND("x",W$43)+1,99)),1,2),0),0))),IF(OR(X30="",X$43=""),0,IF(X30=X$43,5,IFERROR(IF(SIGN(VALUE(LEFT(X30,FIND("x",X30)-1))-VALUE(MID(X30,FIND("x",X30)+1,99)))=SIGN(VALUE(LEFT(X$43,FIND("x",X$43)-1))-VALUE(MID(X$43,FIND("x",X$43)+1,99))),IF(VALUE(LEFT(X$43,FIND("x",X$43)-1))=VALUE(MID(X$43,FIND("x",X$43)+1,99)),1,2),0),0))),IF(OR(Y30="",Y$43=""),0,IF(Y30=Y$43,5,IFERROR(IF(SIGN(VALUE(LEFT(Y30,FIND("x",Y30)-1))-VALUE(MID(Y30,FIND("x",Y30)+1,99)))=SIGN(VALUE(LEFT(Y$43,FIND("x",Y$43)-1))-VALUE(MID(Y$43,FIND("x",Y$43)+1,99))),IF(VALUE(LEFT(Y$43,FIND("x",Y$43)-1))=VALUE(MID(Y$43,FIND("x",Y$43)+1,99)),1,2),0),0))),IF(OR(Z30="",Z$43=""),0,IF(Z30=Z$43,5,IFERROR(IF(SIGN(VALUE(LEFT(Z30,FIND("x",Z30)-1))-VALUE(MID(Z30,FIND("x",Z30)+1,99)))=SIGN(VALUE(LEFT(Z$43,FIND("x",Z$43)-1))-VALUE(MID(Z$43,FIND("x",Z$43)+1,99))),IF(VALUE(LEFT(Z$43,FIND("x",Z$43)-1))=VALUE(MID(Z$43,FIND("x",Z$43)+1,99)),1,2),0),0))))&" ("&SUM(IF(AND(W30<>"",W30=W$43),1,0),IF(AND(X30<>"",X30=X$43),1,0),IF(AND(Y30<>"",Y30=Y$43),1,0),IF(AND(Z30<>"",Z30=Z$43),1,0))&")") | AC30: Nicolas | AH30: =IF(COUNTA(AD30:AG30)=0,"",SUM(IF(OR(AD30="",AD$34=""),0,IF(AD30=AD$34,5,IFERROR(IF(SIGN(VALUE(LEFT(AD30,FIND("x",AD30)-1))-VALUE(MID(AD30,FIND("x",AD30)+1,99)))=SIGN(VALUE(LEFT(AD$34,FIND("x",AD$34)-1))-VALUE(MID(AD$34,FIND("x",AD$34)+1,99))),IF(VALUE(LEFT(AD$34,FIND("x",AD$34)-1))=VALUE(MID(AD$34,FIND("x",AD$34)+1,99)),1,2),0),0))),IF(OR(AE30="",AE$34=""),0,IF(AE30=AE$34,5,IFERROR(IF(SIGN(VALUE(LEFT(AE30,FIND("x",AE30)-1))-VALUE(MID(AE30,FIND("x",AE30)+1,99)))=SIGN(VALUE(LEFT(AE$34,FIND("x",AE$34)-1))-VALUE(MID(AE$34,FIND("x",AE$34)+1,99))),IF(VALUE(LEFT(AE$34,FIND("x",AE$34)-1))=VALUE(MID(AE$34,FIND("x",AE$34)+1,99)),1,2),0),0))),IF(OR(AF30="",AF$34=""),0,IF(AF30=AF$34,5,IFERROR(IF(SIGN(VALUE(LEFT(AF30,FIND("x",AF30)-1))-VALUE(MID(AF30,FIND("x",AF30)+1,99)))=SIGN(VALUE(LEFT(AF$34,FIND("x",AF$34)-1))-VALUE(MID(AF$34,FIND("x",AF$34)+1,99))),IF(VALUE(LEFT(AF$34,FIND("x",AF$34)-1))=VALUE(MID(AF$34,FIND("x",AF$34)+1,99)),1,2),0),0))),IF(OR(AG30="",AG$34=""),0,IF(AG30=AG$34,5,IFERROR(IF(SIGN(VALUE(LEFT(AG30,FIND("x",AG30)-1))-VALUE(MID(AG30,FIND("x",AG30)+1,99)))=SIGN(VALUE(LEFT(AG$34,FIND("x",AG$34)-1))-VALUE(MID(AG$34,FIND("x",AG$34)+1,99))),IF(VALUE(LEFT(AG$34,FIND("x",AG$34)-1))=VALUE(MID(AG$34,FIND("x",AG$34)+1,99)),1,2),0),0))))&" ("&SUM(IF(AND(AD30<>"",AD30=AD$34),1,0),IF(AND(AE30<>"",AE30=AE$34),1,0),IF(AND(AF30<>"",AF30=AF$34),1,0),IF(AND(AG30<>"",AG30=AG$34),1,0))&")")
A31: Caio Borges | F31: =IF(COUNTA(B31:E31)=0,"",SUM(IF(OR(B31="",B$43=""),0,IF(B31=B$43,5,IFERROR(IF(SIGN(VALUE(LEFT(B31,FIND("x",B31)-1))-VALUE(MID(B31,FIND("x",B31)+1,99)))=SIGN(VALUE(LEFT(B$43,FIND("x",B$43)-1))-VALUE(MID(B$43,FIND("x",B$43)+1,99))),IF(VALUE(LEFT(B$43,FIND("x",B$43)-1))=VALUE(MID(B$43,FIND("x",B$43)+1,99)),1,2),0),0))),IF(OR(C31="",C$43=""),0,IF(C31=C$43,5,IFERROR(IF(SIGN(VALUE(LEFT(C31,FIND("x",C31)-1))-VALUE(MID(C31,FIND("x",C31)+1,99)))=SIGN(VALUE(LEFT(C$43,FIND("x",C$43)-1))-VALUE(MID(C$43,FIND("x",C$43)+1,99))),IF(VALUE(LEFT(C$43,FIND("x",C$43)-1))=VALUE(MID(C$43,FIND("x",C$43)+1,99)),1,2),0),0))),IF(OR(D31="",D$43=""),0,IF(D31=D$43,5,IFERROR(IF(SIGN(VALUE(LEFT(D31,FIND("x",D31)-1))-VALUE(MID(D31,FIND("x",D31)+1,99)))=SIGN(VALUE(LEFT(D$43,FIND("x",D$43)-1))-VALUE(MID(D$43,FIND("x",D$43)+1,99))),IF(VALUE(LEFT(D$43,FIND("x",D$43)-1))=VALUE(MID(D$43,FIND("x",D$43)+1,99)),1,2),0),0))),IF(OR(E31="",E$43=""),0,IF(E31=E$43,5,IFERROR(IF(SIGN(VALUE(LEFT(E31,FIND("x",E31)-1))-VALUE(MID(E31,FIND("x",E31)+1,99)))=SIGN(VALUE(LEFT(E$43,FIND("x",E$43)-1))-VALUE(MID(E$43,FIND("x",E$43)+1,99))),IF(VALUE(LEFT(E$43,FIND("x",E$43)-1))=VALUE(MID(E$43,FIND("x",E$43)+1,99)),1,2),0),0))))&" ("&SUM(IF(AND(B31<>"",B31=B$43),1,0),IF(AND(C31<>"",C31=C$43),1,0),IF(AND(D31<>"",D31=D$43),1,0),IF(AND(E31<>"",E31=E$43),1,0))&")") | H31: Caio Borges | M31: =IF(COUNTA(I31:L31)=0,"",SUM(IF(OR(I31="",I$43=""),0,IF(I31=I$43,5,IFERROR(IF(SIGN(VALUE(LEFT(I31,FIND("x",I31)-1))-VALUE(MID(I31,FIND("x",I31)+1,99)))=SIGN(VALUE(LEFT(I$43,FIND("x",I$43)-1))-VALUE(MID(I$43,FIND("x",I$43)+1,99))),IF(VALUE(LEFT(I$43,FIND("x",I$43)-1))=VALUE(MID(I$43,FIND("x",I$43)+1,99)),1,2),0),0))),IF(OR(J31="",J$43=""),0,IF(J31=J$43,5,IFERROR(IF(SIGN(VALUE(LEFT(J31,FIND("x",J31)-1))-VALUE(MID(J31,FIND("x",J31)+1,99)))=SIGN(VALUE(LEFT(J$43,FIND("x",J$43)-1))-VALUE(MID(J$43,FIND("x",J$43)+1,99))),IF(VALUE(LEFT(J$43,FIND("x",J$43)-1))=VALUE(MID(J$43,FIND("x",J$43)+1,99)),1,2),0),0))),IF(OR(K31="",K$43=""),0,IF(K31=K$43,5,IFERROR(IF(SIGN(VALUE(LEFT(K31,FIND("x",K31)-1))-VALUE(MID(K31,FIND("x",K31)+1,99)))=SIGN(VALUE(LEFT(K$43,FIND("x",K$43)-1))-VALUE(MID(K$43,FIND("x",K$43)+1,99))),IF(VALUE(LEFT(K$43,FIND("x",K$43)-1))=VALUE(MID(K$43,FIND("x",K$43)+1,99)),1,2),0),0))),IF(OR(L31="",L$43=""),0,IF(L31=L$43,5,IFERROR(IF(SIGN(VALUE(LEFT(L31,FIND("x",L31)-1))-VALUE(MID(L31,FIND("x",L31)+1,99)))=SIGN(VALUE(LEFT(L$43,FIND("x",L$43)-1))-VALUE(MID(L$43,FIND("x",L$43)+1,99))),IF(VALUE(LEFT(L$43,FIND("x",L$43)-1))=VALUE(MID(L$43,FIND("x",L$43)+1,99)),1,2),0),0))))&" ("&SUM(IF(AND(I31<>"",I31=I$43),1,0),IF(AND(J31<>"",J31=J$43),1,0),IF(AND(K31<>"",K31=K$43),1,0),IF(AND(L31<>"",L31=L$43),1,0))&")") | O31: Caio Borges | T31: =IF(COUNTA(P31:S31)=0,"",SUM(IF(OR(P31="",P$43=""),0,IF(P31=P$43,5,IFERROR(IF(SIGN(VALUE(LEFT(P31,FIND("x",P31)-1))-VALUE(MID(P31,FIND("x",P31)+1,99)))=SIGN(VALUE(LEFT(P$43,FIND("x",P$43)-1))-VALUE(MID(P$43,FIND("x",P$43)+1,99))),IF(VALUE(LEFT(P$43,FIND("x",P$43)-1))=VALUE(MID(P$43,FIND("x",P$43)+1,99)),1,2),0),0))),IF(OR(Q31="",Q$43=""),0,IF(Q31=Q$43,5,IFERROR(IF(SIGN(VALUE(LEFT(Q31,FIND("x",Q31)-1))-VALUE(MID(Q31,FIND("x",Q31)+1,99)))=SIGN(VALUE(LEFT(Q$43,FIND("x",Q$43)-1))-VALUE(MID(Q$43,FIND("x",Q$43)+1,99))),IF(VALUE(LEFT(Q$43,FIND("x",Q$43)-1))=VALUE(MID(Q$43,FIND("x",Q$43)+1,99)),1,2),0),0))),IF(OR(R31="",R$43=""),0,IF(R31=R$43,5,IFERROR(IF(SIGN(VALUE(LEFT(R31,FIND("x",R31)-1))-VALUE(MID(R31,FIND("x",R31)+1,99)))=SIGN(VALUE(LEFT(R$43,FIND("x",R$43)-1))-VALUE(MID(R$43,FIND("x",R$43)+1,99))),IF(VALUE(LEFT(R$43,FIND("x",R$43)-1))=VALUE(MID(R$43,FIND("x",R$43)+1,99)),1,2),0),0))),IF(OR(S31="",S$43=""),0,IF(S31=S$43,5,IFERROR(IF(SIGN(VALUE(LEFT(S31,FIND("x",S31)-1))-VALUE(MID(S31,FIND("x",S31)+1,99)))=SIGN(VALUE(LEFT(S$43,FIND("x",S$43)-1))-VALUE(MID(S$43,FIND("x",S$43)+1,99))),IF(VALUE(LEFT(S$43,FIND("x",S$43)-1))=VALUE(MID(S$43,FIND("x",S$43)+1,99)),1,2),0),0))))&" ("&SUM(IF(AND(P31<>"",P31=P$43),1,0),IF(AND(Q31<>"",Q31=Q$43),1,0),IF(AND(R31<>"",R31=R$43),1,0),IF(AND(S31<>"",S31=S$43),1,0))&")") | V31: Caio Borges | AA31: =IF(COUNTA(W31:Z31)=0,"",SUM(IF(OR(W31="",W$43=""),0,IF(W31=W$43,5,IFERROR(IF(SIGN(VALUE(LEFT(W31,FIND("x",W31)-1))-VALUE(MID(W31,FIND("x",W31)+1,99)))=SIGN(VALUE(LEFT(W$43,FIND("x",W$43)-1))-VALUE(MID(W$43,FIND("x",W$43)+1,99))),IF(VALUE(LEFT(W$43,FIND("x",W$43)-1))=VALUE(MID(W$43,FIND("x",W$43)+1,99)),1,2),0),0))),IF(OR(X31="",X$43=""),0,IF(X31=X$43,5,IFERROR(IF(SIGN(VALUE(LEFT(X31,FIND("x",X31)-1))-VALUE(MID(X31,FIND("x",X31)+1,99)))=SIGN(VALUE(LEFT(X$43,FIND("x",X$43)-1))-VALUE(MID(X$43,FIND("x",X$43)+1,99))),IF(VALUE(LEFT(X$43,FIND("x",X$43)-1))=VALUE(MID(X$43,FIND("x",X$43)+1,99)),1,2),0),0))),IF(OR(Y31="",Y$43=""),0,IF(Y31=Y$43,5,IFERROR(IF(SIGN(VALUE(LEFT(Y31,FIND("x",Y31)-1))-VALUE(MID(Y31,FIND("x",Y31)+1,99)))=SIGN(VALUE(LEFT(Y$43,FIND("x",Y$43)-1))-VALUE(MID(Y$43,FIND("x",Y$43)+1,99))),IF(VALUE(LEFT(Y$43,FIND("x",Y$43)-1))=VALUE(MID(Y$43,FIND("x",Y$43)+1,99)),1,2),0),0))),IF(OR(Z31="",Z$43=""),0,IF(Z31=Z$43,5,IFERROR(IF(SIGN(VALUE(LEFT(Z31,FIND("x",Z31)-1))-VALUE(MID(Z31,FIND("x",Z31)+1,99)))=SIGN(VALUE(LEFT(Z$43,FIND("x",Z$43)-1))-VALUE(MID(Z$43,FIND("x",Z$43)+1,99))),IF(VALUE(LEFT(Z$43,FIND("x",Z$43)-1))=VALUE(MID(Z$43,FIND("x",Z$43)+1,99)),1,2),0),0))))&" ("&SUM(IF(AND(W31<>"",W31=W$43),1,0),IF(AND(X31<>"",X31=X$43),1,0),IF(AND(Y31<>"",Y31=Y$43),1,0),IF(AND(Z31<>"",Z31=Z$43),1,0))&")") | AC31: Victor | AH31: =IF(COUNTA(AD31:AG31)=0,"",SUM(IF(OR(AD31="",AD$34=""),0,IF(AD31=AD$34,5,IFERROR(IF(SIGN(VALUE(LEFT(AD31,FIND("x",AD31)-1))-VALUE(MID(AD31,FIND("x",AD31)+1,99)))=SIGN(VALUE(LEFT(AD$34,FIND("x",AD$34)-1))-VALUE(MID(AD$34,FIND("x",AD$34)+1,99))),IF(VALUE(LEFT(AD$34,FIND("x",AD$34)-1))=VALUE(MID(AD$34,FIND("x",AD$34)+1,99)),1,2),0),0))),IF(OR(AE31="",AE$34=""),0,IF(AE31=AE$34,5,IFERROR(IF(SIGN(VALUE(LEFT(AE31,FIND("x",AE31)-1))-VALUE(MID(AE31,FIND("x",AE31)+1,99)))=SIGN(VALUE(LEFT(AE$34,FIND("x",AE$34)-1))-VALUE(MID(AE$34,FIND("x",AE$34)+1,99))),IF(VALUE(LEFT(AE$34,FIND("x",AE$34)-1))=VALUE(MID(AE$34,FIND("x",AE$34)+1,99)),1,2),0),0))),IF(OR(AF31="",AF$34=""),0,IF(AF31=AF$34,5,IFERROR(IF(SIGN(VALUE(LEFT(AF31,FIND("x",AF31)-1))-VALUE(MID(AF31,FIND("x",AF31)+1,99)))=SIGN(VALUE(LEFT(AF$34,FIND("x",AF$34)-1))-VALUE(MID(AF$34,FIND("x",AF$34)+1,99))),IF(VALUE(LEFT(AF$34,FIND("x",AF$34)-1))=VALUE(MID(AF$34,FIND("x",AF$34)+1,99)),1,2),0),0))),IF(OR(AG31="",AG$34=""),0,IF(AG31=AG$34,5,IFERROR(IF(SIGN(VALUE(LEFT(AG31,FIND("x",AG31)-1))-VALUE(MID(AG31,FIND("x",AG31)+1,99)))=SIGN(VALUE(LEFT(AG$34,FIND("x",AG$34)-1))-VALUE(MID(AG$34,FIND("x",AG$34)+1,99))),IF(VALUE(LEFT(AG$34,FIND("x",AG$34)-1))=VALUE(MID(AG$34,FIND("x",AG$34)+1,99)),1,2),0),0))))&" ("&SUM(IF(AND(AD31<>"",AD31=AD$34),1,0),IF(AND(AE31<>"",AE31=AE$34),1,0),IF(AND(AF31<>"",AF31=AF$34),1,0),IF(AND(AG31<>"",AG31=AG$34),1,0))&")")
A32: Gabriel Mendes | F32: =IF(COUNTA(B32:E32)=0,"",SUM(IF(OR(B32="",B$43=""),0,IF(B32=B$43,5,IFERROR(IF(SIGN(VALUE(LEFT(B32,FIND("x",B32)-1))-VALUE(MID(B32,FIND("x",B32)+1,99)))=SIGN(VALUE(LEFT(B$43,FIND("x",B$43)-1))-VALUE(MID(B$43,FIND("x",B$43)+1,99))),IF(VALUE(LEFT(B$43,FIND("x",B$43)-1))=VALUE(MID(B$43,FIND("x",B$43)+1,99)),1,2),0),0))),IF(OR(C32="",C$43=""),0,IF(C32=C$43,5,IFERROR(IF(SIGN(VALUE(LEFT(C32,FIND("x",C32)-1))-VALUE(MID(C32,FIND("x",C32)+1,99)))=SIGN(VALUE(LEFT(C$43,FIND("x",C$43)-1))-VALUE(MID(C$43,FIND("x",C$43)+1,99))),IF(VALUE(LEFT(C$43,FIND("x",C$43)-1))=VALUE(MID(C$43,FIND("x",C$43)+1,99)),1,2),0),0))),IF(OR(D32="",D$43=""),0,IF(D32=D$43,5,IFERROR(IF(SIGN(VALUE(LEFT(D32,FIND("x",D32)-1))-VALUE(MID(D32,FIND("x",D32)+1,99)))=SIGN(VALUE(LEFT(D$43,FIND("x",D$43)-1))-VALUE(MID(D$43,FIND("x",D$43)+1,99))),IF(VALUE(LEFT(D$43,FIND("x",D$43)-1))=VALUE(MID(D$43,FIND("x",D$43)+1,99)),1,2),0),0))),IF(OR(E32="",E$43=""),0,IF(E32=E$43,5,IFERROR(IF(SIGN(VALUE(LEFT(E32,FIND("x",E32)-1))-VALUE(MID(E32,FIND("x",E32)+1,99)))=SIGN(VALUE(LEFT(E$43,FIND("x",E$43)-1))-VALUE(MID(E$43,FIND("x",E$43)+1,99))),IF(VALUE(LEFT(E$43,FIND("x",E$43)-1))=VALUE(MID(E$43,FIND("x",E$43)+1,99)),1,2),0),0))))&" ("&SUM(IF(AND(B32<>"",B32=B$43),1,0),IF(AND(C32<>"",C32=C$43),1,0),IF(AND(D32<>"",D32=D$43),1,0),IF(AND(E32<>"",E32=E$43),1,0))&")") | H32: Gabriel Mendes | M32: =IF(COUNTA(I32:L32)=0,"",SUM(IF(OR(I32="",I$43=""),0,IF(I32=I$43,5,IFERROR(IF(SIGN(VALUE(LEFT(I32,FIND("x",I32)-1))-VALUE(MID(I32,FIND("x",I32)+1,99)))=SIGN(VALUE(LEFT(I$43,FIND("x",I$43)-1))-VALUE(MID(I$43,FIND("x",I$43)+1,99))),IF(VALUE(LEFT(I$43,FIND("x",I$43)-1))=VALUE(MID(I$43,FIND("x",I$43)+1,99)),1,2),0),0))),IF(OR(J32="",J$43=""),0,IF(J32=J$43,5,IFERROR(IF(SIGN(VALUE(LEFT(J32,FIND("x",J32)-1))-VALUE(MID(J32,FIND("x",J32)+1,99)))=SIGN(VALUE(LEFT(J$43,FIND("x",J$43)-1))-VALUE(MID(J$43,FIND("x",J$43)+1,99))),IF(VALUE(LEFT(J$43,FIND("x",J$43)-1))=VALUE(MID(J$43,FIND("x",J$43)+1,99)),1,2),0),0))),IF(OR(K32="",K$43=""),0,IF(K32=K$43,5,IFERROR(IF(SIGN(VALUE(LEFT(K32,FIND("x",K32)-1))-VALUE(MID(K32,FIND("x",K32)+1,99)))=SIGN(VALUE(LEFT(K$43,FIND("x",K$43)-1))-VALUE(MID(K$43,FIND("x",K$43)+1,99))),IF(VALUE(LEFT(K$43,FIND("x",K$43)-1))=VALUE(MID(K$43,FIND("x",K$43)+1,99)),1,2),0),0))),IF(OR(L32="",L$43=""),0,IF(L32=L$43,5,IFERROR(IF(SIGN(VALUE(LEFT(L32,FIND("x",L32)-1))-VALUE(MID(L32,FIND("x",L32)+1,99)))=SIGN(VALUE(LEFT(L$43,FIND("x",L$43)-1))-VALUE(MID(L$43,FIND("x",L$43)+1,99))),IF(VALUE(LEFT(L$43,FIND("x",L$43)-1))=VALUE(MID(L$43,FIND("x",L$43)+1,99)),1,2),0),0))))&" ("&SUM(IF(AND(I32<>"",I32=I$43),1,0),IF(AND(J32<>"",J32=J$43),1,0),IF(AND(K32<>"",K32=K$43),1,0),IF(AND(L32<>"",L32=L$43),1,0))&")") | O32: Gabriel Mendes | T32: =IF(COUNTA(P32:S32)=0,"",SUM(IF(OR(P32="",P$43=""),0,IF(P32=P$43,5,IFERROR(IF(SIGN(VALUE(LEFT(P32,FIND("x",P32)-1))-VALUE(MID(P32,FIND("x",P32)+1,99)))=SIGN(VALUE(LEFT(P$43,FIND("x",P$43)-1))-VALUE(MID(P$43,FIND("x",P$43)+1,99))),IF(VALUE(LEFT(P$43,FIND("x",P$43)-1))=VALUE(MID(P$43,FIND("x",P$43)+1,99)),1,2),0),0))),IF(OR(Q32="",Q$43=""),0,IF(Q32=Q$43,5,IFERROR(IF(SIGN(VALUE(LEFT(Q32,FIND("x",Q32)-1))-VALUE(MID(Q32,FIND("x",Q32)+1,99)))=SIGN(VALUE(LEFT(Q$43,FIND("x",Q$43)-1))-VALUE(MID(Q$43,FIND("x",Q$43)+1,99))),IF(VALUE(LEFT(Q$43,FIND("x",Q$43)-1))=VALUE(MID(Q$43,FIND("x",Q$43)+1,99)),1,2),0),0))),IF(OR(R32="",R$43=""),0,IF(R32=R$43,5,IFERROR(IF(SIGN(VALUE(LEFT(R32,FIND("x",R32)-1))-VALUE(MID(R32,FIND("x",R32)+1,99)))=SIGN(VALUE(LEFT(R$43,FIND("x",R$43)-1))-VALUE(MID(R$43,FIND("x",R$43)+1,99))),IF(VALUE(LEFT(R$43,FIND("x",R$43)-1))=VALUE(MID(R$43,FIND("x",R$43)+1,99)),1,2),0),0))),IF(OR(S32="",S$43=""),0,IF(S32=S$43,5,IFERROR(IF(SIGN(VALUE(LEFT(S32,FIND("x",S32)-1))-VALUE(MID(S32,FIND("x",S32)+1,99)))=SIGN(VALUE(LEFT(S$43,FIND("x",S$43)-1))-VALUE(MID(S$43,FIND("x",S$43)+1,99))),IF(VALUE(LEFT(S$43,FIND("x",S$43)-1))=VALUE(MID(S$43,FIND("x",S$43)+1,99)),1,2),0),0))))&" ("&SUM(IF(AND(P32<>"",P32=P$43),1,0),IF(AND(Q32<>"",Q32=Q$43),1,0),IF(AND(R32<>"",R32=R$43),1,0),IF(AND(S32<>"",S32=S$43),1,0))&")") | V32: Gabriel Mendes | AA32: =IF(COUNTA(W32:Z32)=0,"",SUM(IF(OR(W32="",W$43=""),0,IF(W32=W$43,5,IFERROR(IF(SIGN(VALUE(LEFT(W32,FIND("x",W32)-1))-VALUE(MID(W32,FIND("x",W32)+1,99)))=SIGN(VALUE(LEFT(W$43,FIND("x",W$43)-1))-VALUE(MID(W$43,FIND("x",W$43)+1,99))),IF(VALUE(LEFT(W$43,FIND("x",W$43)-1))=VALUE(MID(W$43,FIND("x",W$43)+1,99)),1,2),0),0))),IF(OR(X32="",X$43=""),0,IF(X32=X$43,5,IFERROR(IF(SIGN(VALUE(LEFT(X32,FIND("x",X32)-1))-VALUE(MID(X32,FIND("x",X32)+1,99)))=SIGN(VALUE(LEFT(X$43,FIND("x",X$43)-1))-VALUE(MID(X$43,FIND("x",X$43)+1,99))),IF(VALUE(LEFT(X$43,FIND("x",X$43)-1))=VALUE(MID(X$43,FIND("x",X$43)+1,99)),1,2),0),0))),IF(OR(Y32="",Y$43=""),0,IF(Y32=Y$43,5,IFERROR(IF(SIGN(VALUE(LEFT(Y32,FIND("x",Y32)-1))-VALUE(MID(Y32,FIND("x",Y32)+1,99)))=SIGN(VALUE(LEFT(Y$43,FIND("x",Y$43)-1))-VALUE(MID(Y$43,FIND("x",Y$43)+1,99))),IF(VALUE(LEFT(Y$43,FIND("x",Y$43)-1))=VALUE(MID(Y$43,FIND("x",Y$43)+1,99)),1,2),0),0))),IF(OR(Z32="",Z$43=""),0,IF(Z32=Z$43,5,IFERROR(IF(SIGN(VALUE(LEFT(Z32,FIND("x",Z32)-1))-VALUE(MID(Z32,FIND("x",Z32)+1,99)))=SIGN(VALUE(LEFT(Z$43,FIND("x",Z$43)-1))-VALUE(MID(Z$43,FIND("x",Z$43)+1,99))),IF(VALUE(LEFT(Z$43,FIND("x",Z$43)-1))=VALUE(MID(Z$43,FIND("x",Z$43)+1,99)),1,2),0),0))))&" ("&SUM(IF(AND(W32<>"",W32=W$43),1,0),IF(AND(X32<>"",X32=X$43),1,0),IF(AND(Y32<>"",Y32=Y$43),1,0),IF(AND(Z32<>"",Z32=Z$43),1,0))&")") | AC32: Vinicius | AH32: =IF(COUNTA(AD32:AG32)=0,"",SUM(IF(OR(AD32="",AD$34=""),0,IF(AD32=AD$34,5,IFERROR(IF(SIGN(VALUE(LEFT(AD32,FIND("x",AD32)-1))-VALUE(MID(AD32,FIND("x",AD32)+1,99)))=SIGN(VALUE(LEFT(AD$34,FIND("x",AD$34)-1))-VALUE(MID(AD$34,FIND("x",AD$34)+1,99))),IF(VALUE(LEFT(AD$34,FIND("x",AD$34)-1))=VALUE(MID(AD$34,FIND("x",AD$34)+1,99)),1,2),0),0))),IF(OR(AE32="",AE$34=""),0,IF(AE32=AE$34,5,IFERROR(IF(SIGN(VALUE(LEFT(AE32,FIND("x",AE32)-1))-VALUE(MID(AE32,FIND("x",AE32)+1,99)))=SIGN(VALUE(LEFT(AE$34,FIND("x",AE$34)-1))-VALUE(MID(AE$34,FIND("x",AE$34)+1,99))),IF(VALUE(LEFT(AE$34,FIND("x",AE$34)-1))=VALUE(MID(AE$34,FIND("x",AE$34)+1,99)),1,2),0),0))),IF(OR(AF32="",AF$34=""),0,IF(AF32=AF$34,5,IFERROR(IF(SIGN(VALUE(LEFT(AF32,FIND("x",AF32)-1))-VALUE(MID(AF32,FIND("x",AF32)+1,99)))=SIGN(VALUE(LEFT(AF$34,FIND("x",AF$34)-1))-VALUE(MID(AF$34,FIND("x",AF$34)+1,99))),IF(VALUE(LEFT(AF$34,FIND("x",AF$34)-1))=VALUE(MID(AF$34,FIND("x",AF$34)+1,99)),1,2),0),0))),IF(OR(AG32="",AG$34=""),0,IF(AG32=AG$34,5,IFERROR(IF(SIGN(VALUE(LEFT(AG32,FIND("x",AG32)-1))-VALUE(MID(AG32,FIND("x",AG32)+1,99)))=SIGN(VALUE(LEFT(AG$34,FIND("x",AG$34)-1))-VALUE(MID(AG$34,FIND("x",AG$34)+1,99))),IF(VALUE(LEFT(AG$34,FIND("x",AG$34)-1))=VALUE(MID(AG$34,FIND("x",AG$34)+1,99)),1,2),0),0))))&" ("&SUM(IF(AND(AD32<>"",AD32=AD$34),1,0),IF(AND(AE32<>"",AE32=AE$34),1,0),IF(AND(AF32<>"",AF32=AF$34),1,0),IF(AND(AG32<>"",AG32=AG$34),1,0))&")")
A33: Karen | F33: =IF(COUNTA(B33:E33)=0,"",SUM(IF(OR(B33="",B$43=""),0,IF(B33=B$43,5,IFERROR(IF(SIGN(VALUE(LEFT(B33,FIND("x",B33)-1))-VALUE(MID(B33,FIND("x",B33)+1,99)))=SIGN(VALUE(LEFT(B$43,FIND("x",B$43)-1))-VALUE(MID(B$43,FIND("x",B$43)+1,99))),IF(VALUE(LEFT(B$43,FIND("x",B$43)-1))=VALUE(MID(B$43,FIND("x",B$43)+1,99)),1,2),0),0))),IF(OR(C33="",C$43=""),0,IF(C33=C$43,5,IFERROR(IF(SIGN(VALUE(LEFT(C33,FIND("x",C33)-1))-VALUE(MID(C33,FIND("x",C33)+1,99)))=SIGN(VALUE(LEFT(C$43,FIND("x",C$43)-1))-VALUE(MID(C$43,FIND("x",C$43)+1,99))),IF(VALUE(LEFT(C$43,FIND("x",C$43)-1))=VALUE(MID(C$43,FIND("x",C$43)+1,99)),1,2),0),0))),IF(OR(D33="",D$43=""),0,IF(D33=D$43,5,IFERROR(IF(SIGN(VALUE(LEFT(D33,FIND("x",D33)-1))-VALUE(MID(D33,FIND("x",D33)+1,99)))=SIGN(VALUE(LEFT(D$43,FIND("x",D$43)-1))-VALUE(MID(D$43,FIND("x",D$43)+1,99))),IF(VALUE(LEFT(D$43,FIND("x",D$43)-1))=VALUE(MID(D$43,FIND("x",D$43)+1,99)),1,2),0),0))),IF(OR(E33="",E$43=""),0,IF(E33=E$43,5,IFERROR(IF(SIGN(VALUE(LEFT(E33,FIND("x",E33)-1))-VALUE(MID(E33,FIND("x",E33)+1,99)))=SIGN(VALUE(LEFT(E$43,FIND("x",E$43)-1))-VALUE(MID(E$43,FIND("x",E$43)+1,99))),IF(VALUE(LEFT(E$43,FIND("x",E$43)-1))=VALUE(MID(E$43,FIND("x",E$43)+1,99)),1,2),0),0))))&" ("&SUM(IF(AND(B33<>"",B33=B$43),1,0),IF(AND(C33<>"",C33=C$43),1,0),IF(AND(D33<>"",D33=D$43),1,0),IF(AND(E33<>"",E33=E$43),1,0))&")") | H33: Karen | M33: =IF(COUNTA(I33:L33)=0,"",SUM(IF(OR(I33="",I$43=""),0,IF(I33=I$43,5,IFERROR(IF(SIGN(VALUE(LEFT(I33,FIND("x",I33)-1))-VALUE(MID(I33,FIND("x",I33)+1,99)))=SIGN(VALUE(LEFT(I$43,FIND("x",I$43)-1))-VALUE(MID(I$43,FIND("x",I$43)+1,99))),IF(VALUE(LEFT(I$43,FIND("x",I$43)-1))=VALUE(MID(I$43,FIND("x",I$43)+1,99)),1,2),0),0))),IF(OR(J33="",J$43=""),0,IF(J33=J$43,5,IFERROR(IF(SIGN(VALUE(LEFT(J33,FIND("x",J33)-1))-VALUE(MID(J33,FIND("x",J33)+1,99)))=SIGN(VALUE(LEFT(J$43,FIND("x",J$43)-1))-VALUE(MID(J$43,FIND("x",J$43)+1,99))),IF(VALUE(LEFT(J$43,FIND("x",J$43)-1))=VALUE(MID(J$43,FIND("x",J$43)+1,99)),1,2),0),0))),IF(OR(K33="",K$43=""),0,IF(K33=K$43,5,IFERROR(IF(SIGN(VALUE(LEFT(K33,FIND("x",K33)-1))-VALUE(MID(K33,FIND("x",K33)+1,99)))=SIGN(VALUE(LEFT(K$43,FIND("x",K$43)-1))-VALUE(MID(K$43,FIND("x",K$43)+1,99))),IF(VALUE(LEFT(K$43,FIND("x",K$43)-1))=VALUE(MID(K$43,FIND("x",K$43)+1,99)),1,2),0),0))),IF(OR(L33="",L$43=""),0,IF(L33=L$43,5,IFERROR(IF(SIGN(VALUE(LEFT(L33,FIND("x",L33)-1))-VALUE(MID(L33,FIND("x",L33)+1,99)))=SIGN(VALUE(LEFT(L$43,FIND("x",L$43)-1))-VALUE(MID(L$43,FIND("x",L$43)+1,99))),IF(VALUE(LEFT(L$43,FIND("x",L$43)-1))=VALUE(MID(L$43,FIND("x",L$43)+1,99)),1,2),0),0))))&" ("&SUM(IF(AND(I33<>"",I33=I$43),1,0),IF(AND(J33<>"",J33=J$43),1,0),IF(AND(K33<>"",K33=K$43),1,0),IF(AND(L33<>"",L33=L$43),1,0))&")") | O33: Karen | T33: =IF(COUNTA(P33:S33)=0,"",SUM(IF(OR(P33="",P$43=""),0,IF(P33=P$43,5,IFERROR(IF(SIGN(VALUE(LEFT(P33,FIND("x",P33)-1))-VALUE(MID(P33,FIND("x",P33)+1,99)))=SIGN(VALUE(LEFT(P$43,FIND("x",P$43)-1))-VALUE(MID(P$43,FIND("x",P$43)+1,99))),IF(VALUE(LEFT(P$43,FIND("x",P$43)-1))=VALUE(MID(P$43,FIND("x",P$43)+1,99)),1,2),0),0))),IF(OR(Q33="",Q$43=""),0,IF(Q33=Q$43,5,IFERROR(IF(SIGN(VALUE(LEFT(Q33,FIND("x",Q33)-1))-VALUE(MID(Q33,FIND("x",Q33)+1,99)))=SIGN(VALUE(LEFT(Q$43,FIND("x",Q$43)-1))-VALUE(MID(Q$43,FIND("x",Q$43)+1,99))),IF(VALUE(LEFT(Q$43,FIND("x",Q$43)-1))=VALUE(MID(Q$43,FIND("x",Q$43)+1,99)),1,2),0),0))),IF(OR(R33="",R$43=""),0,IF(R33=R$43,5,IFERROR(IF(SIGN(VALUE(LEFT(R33,FIND("x",R33)-1))-VALUE(MID(R33,FIND("x",R33)+1,99)))=SIGN(VALUE(LEFT(R$43,FIND("x",R$43)-1))-VALUE(MID(R$43,FIND("x",R$43)+1,99))),IF(VALUE(LEFT(R$43,FIND("x",R$43)-1))=VALUE(MID(R$43,FIND("x",R$43)+1,99)),1,2),0),0))),IF(OR(S33="",S$43=""),0,IF(S33=S$43,5,IFERROR(IF(SIGN(VALUE(LEFT(S33,FIND("x",S33)-1))-VALUE(MID(S33,FIND("x",S33)+1,99)))=SIGN(VALUE(LEFT(S$43,FIND("x",S$43)-1))-VALUE(MID(S$43,FIND("x",S$43)+1,99))),IF(VALUE(LEFT(S$43,FIND("x",S$43)-1))=VALUE(MID(S$43,FIND("x",S$43)+1,99)),1,2),0),0))))&" ("&SUM(IF(AND(P33<>"",P33=P$43),1,0),IF(AND(Q33<>"",Q33=Q$43),1,0),IF(AND(R33<>"",R33=R$43),1,0),IF(AND(S33<>"",S33=S$43),1,0))&")") | V33: Karen | AA33: =IF(COUNTA(W33:Z33)=0,"",SUM(IF(OR(W33="",W$43=""),0,IF(W33=W$43,5,IFERROR(IF(SIGN(VALUE(LEFT(W33,FIND("x",W33)-1))-VALUE(MID(W33,FIND("x",W33)+1,99)))=SIGN(VALUE(LEFT(W$43,FIND("x",W$43)-1))-VALUE(MID(W$43,FIND("x",W$43)+1,99))),IF(VALUE(LEFT(W$43,FIND("x",W$43)-1))=VALUE(MID(W$43,FIND("x",W$43)+1,99)),1,2),0),0))),IF(OR(X33="",X$43=""),0,IF(X33=X$43,5,IFERROR(IF(SIGN(VALUE(LEFT(X33,FIND("x",X33)-1))-VALUE(MID(X33,FIND("x",X33)+1,99)))=SIGN(VALUE(LEFT(X$43,FIND("x",X$43)-1))-VALUE(MID(X$43,FIND("x",X$43)+1,99))),IF(VALUE(LEFT(X$43,FIND("x",X$43)-1))=VALUE(MID(X$43,FIND("x",X$43)+1,99)),1,2),0),0))),IF(OR(Y33="",Y$43=""),0,IF(Y33=Y$43,5,IFERROR(IF(SIGN(VALUE(LEFT(Y33,FIND("x",Y33)-1))-VALUE(MID(Y33,FIND("x",Y33)+1,99)))=SIGN(VALUE(LEFT(Y$43,FIND("x",Y$43)-1))-VALUE(MID(Y$43,FIND("x",Y$43)+1,99))),IF(VALUE(LEFT(Y$43,FIND("x",Y$43)-1))=VALUE(MID(Y$43,FIND("x",Y$43)+1,99)),1,2),0),0))),IF(OR(Z33="",Z$43=""),0,IF(Z33=Z$43,5,IFERROR(IF(SIGN(VALUE(LEFT(Z33,FIND("x",Z33)-1))-VALUE(MID(Z33,FIND("x",Z33)+1,99)))=SIGN(VALUE(LEFT(Z$43,FIND("x",Z$43)-1))-VALUE(MID(Z$43,FIND("x",Z$43)+1,99))),IF(VALUE(LEFT(Z$43,FIND("x",Z$43)-1))=VALUE(MID(Z$43,FIND("x",Z$43)+1,99)),1,2),0),0))))&" ("&SUM(IF(AND(W33<>"",W33=W$43),1,0),IF(AND(X33<>"",X33=X$43),1,0),IF(AND(Y33<>"",Y33=Y$43),1,0),IF(AND(Z33<>"",Z33=Z$43),1,0))&")") | AC33: Vitor | AH33: =IF(COUNTA(AD33:AG33)=0,"",SUM(IF(OR(AD33="",AD$34=""),0,IF(AD33=AD$34,5,IFERROR(IF(SIGN(VALUE(LEFT(AD33,FIND("x",AD33)-1))-VALUE(MID(AD33,FIND("x",AD33)+1,99)))=SIGN(VALUE(LEFT(AD$34,FIND("x",AD$34)-1))-VALUE(MID(AD$34,FIND("x",AD$34)+1,99))),IF(VALUE(LEFT(AD$34,FIND("x",AD$34)-1))=VALUE(MID(AD$34,FIND("x",AD$34)+1,99)),1,2),0),0))),IF(OR(AE33="",AE$34=""),0,IF(AE33=AE$34,5,IFERROR(IF(SIGN(VALUE(LEFT(AE33,FIND("x",AE33)-1))-VALUE(MID(AE33,FIND("x",AE33)+1,99)))=SIGN(VALUE(LEFT(AE$34,FIND("x",AE$34)-1))-VALUE(MID(AE$34,FIND("x",AE$34)+1,99))),IF(VALUE(LEFT(AE$34,FIND("x",AE$34)-1))=VALUE(MID(AE$34,FIND("x",AE$34)+1,99)),1,2),0),0))),IF(OR(AF33="",AF$34=""),0,IF(AF33=AF$34,5,IFERROR(IF(SIGN(VALUE(LEFT(AF33,FIND("x",AF33)-1))-VALUE(MID(AF33,FIND("x",AF33)+1,99)))=SIGN(VALUE(LEFT(AF$34,FIND("x",AF$34)-1))-VALUE(MID(AF$34,FIND("x",AF$34)+1,99))),IF(VALUE(LEFT(AF$34,FIND("x",AF$34)-1))=VALUE(MID(AF$34,FIND("x",AF$34)+1,99)),1,2),0),0))),IF(OR(AG33="",AG$34=""),0,IF(AG33=AG$34,5,IFERROR(IF(SIGN(VALUE(LEFT(AG33,FIND("x",AG33)-1))-VALUE(MID(AG33,FIND("x",AG33)+1,99)))=SIGN(VALUE(LEFT(AG$34,FIND("x",AG$34)-1))-VALUE(MID(AG$34,FIND("x",AG$34)+1,99))),IF(VALUE(LEFT(AG$34,FIND("x",AG$34)-1))=VALUE(MID(AG$34,FIND("x",AG$34)+1,99)),1,2),0),0))))&" ("&SUM(IF(AND(AD33<>"",AD33=AD$34),1,0),IF(AND(AE33<>"",AE33=AE$34),1,0),IF(AND(AF33<>"",AF33=AF$34),1,0),IF(AND(AG33<>"",AG33=AG$34),1,0))&")")
A34: Lucas | F34: =IF(COUNTA(B34:E34)=0,"",SUM(IF(OR(B34="",B$43=""),0,IF(B34=B$43,5,IFERROR(IF(SIGN(VALUE(LEFT(B34,FIND("x",B34)-1))-VALUE(MID(B34,FIND("x",B34)+1,99)))=SIGN(VALUE(LEFT(B$43,FIND("x",B$43)-1))-VALUE(MID(B$43,FIND("x",B$43)+1,99))),IF(VALUE(LEFT(B$43,FIND("x",B$43)-1))=VALUE(MID(B$43,FIND("x",B$43)+1,99)),1,2),0),0))),IF(OR(C34="",C$43=""),0,IF(C34=C$43,5,IFERROR(IF(SIGN(VALUE(LEFT(C34,FIND("x",C34)-1))-VALUE(MID(C34,FIND("x",C34)+1,99)))=SIGN(VALUE(LEFT(C$43,FIND("x",C$43)-1))-VALUE(MID(C$43,FIND("x",C$43)+1,99))),IF(VALUE(LEFT(C$43,FIND("x",C$43)-1))=VALUE(MID(C$43,FIND("x",C$43)+1,99)),1,2),0),0))),IF(OR(D34="",D$43=""),0,IF(D34=D$43,5,IFERROR(IF(SIGN(VALUE(LEFT(D34,FIND("x",D34)-1))-VALUE(MID(D34,FIND("x",D34)+1,99)))=SIGN(VALUE(LEFT(D$43,FIND("x",D$43)-1))-VALUE(MID(D$43,FIND("x",D$43)+1,99))),IF(VALUE(LEFT(D$43,FIND("x",D$43)-1))=VALUE(MID(D$43,FIND("x",D$43)+1,99)),1,2),0),0))),IF(OR(E34="",E$43=""),0,IF(E34=E$43,5,IFERROR(IF(SIGN(VALUE(LEFT(E34,FIND("x",E34)-1))-VALUE(MID(E34,FIND("x",E34)+1,99)))=SIGN(VALUE(LEFT(E$43,FIND("x",E$43)-1))-VALUE(MID(E$43,FIND("x",E$43)+1,99))),IF(VALUE(LEFT(E$43,FIND("x",E$43)-1))=VALUE(MID(E$43,FIND("x",E$43)+1,99)),1,2),0),0))))&" ("&SUM(IF(AND(B34<>"",B34=B$43),1,0),IF(AND(C34<>"",C34=C$43),1,0),IF(AND(D34<>"",D34=D$43),1,0),IF(AND(E34<>"",E34=E$43),1,0))&")") | H34: Lucas | M34: =IF(COUNTA(I34:L34)=0,"",SUM(IF(OR(I34="",I$43=""),0,IF(I34=I$43,5,IFERROR(IF(SIGN(VALUE(LEFT(I34,FIND("x",I34)-1))-VALUE(MID(I34,FIND("x",I34)+1,99)))=SIGN(VALUE(LEFT(I$43,FIND("x",I$43)-1))-VALUE(MID(I$43,FIND("x",I$43)+1,99))),IF(VALUE(LEFT(I$43,FIND("x",I$43)-1))=VALUE(MID(I$43,FIND("x",I$43)+1,99)),1,2),0),0))),IF(OR(J34="",J$43=""),0,IF(J34=J$43,5,IFERROR(IF(SIGN(VALUE(LEFT(J34,FIND("x",J34)-1))-VALUE(MID(J34,FIND("x",J34)+1,99)))=SIGN(VALUE(LEFT(J$43,FIND("x",J$43)-1))-VALUE(MID(J$43,FIND("x",J$43)+1,99))),IF(VALUE(LEFT(J$43,FIND("x",J$43)-1))=VALUE(MID(J$43,FIND("x",J$43)+1,99)),1,2),0),0))),IF(OR(K34="",K$43=""),0,IF(K34=K$43,5,IFERROR(IF(SIGN(VALUE(LEFT(K34,FIND("x",K34)-1))-VALUE(MID(K34,FIND("x",K34)+1,99)))=SIGN(VALUE(LEFT(K$43,FIND("x",K$43)-1))-VALUE(MID(K$43,FIND("x",K$43)+1,99))),IF(VALUE(LEFT(K$43,FIND("x",K$43)-1))=VALUE(MID(K$43,FIND("x",K$43)+1,99)),1,2),0),0))),IF(OR(L34="",L$43=""),0,IF(L34=L$43,5,IFERROR(IF(SIGN(VALUE(LEFT(L34,FIND("x",L34)-1))-VALUE(MID(L34,FIND("x",L34)+1,99)))=SIGN(VALUE(LEFT(L$43,FIND("x",L$43)-1))-VALUE(MID(L$43,FIND("x",L$43)+1,99))),IF(VALUE(LEFT(L$43,FIND("x",L$43)-1))=VALUE(MID(L$43,FIND("x",L$43)+1,99)),1,2),0),0))))&" ("&SUM(IF(AND(I34<>"",I34=I$43),1,0),IF(AND(J34<>"",J34=J$43),1,0),IF(AND(K34<>"",K34=K$43),1,0),IF(AND(L34<>"",L34=L$43),1,0))&")") | O34: Lucas | T34: =IF(COUNTA(P34:S34)=0,"",SUM(IF(OR(P34="",P$43=""),0,IF(P34=P$43,5,IFERROR(IF(SIGN(VALUE(LEFT(P34,FIND("x",P34)-1))-VALUE(MID(P34,FIND("x",P34)+1,99)))=SIGN(VALUE(LEFT(P$43,FIND("x",P$43)-1))-VALUE(MID(P$43,FIND("x",P$43)+1,99))),IF(VALUE(LEFT(P$43,FIND("x",P$43)-1))=VALUE(MID(P$43,FIND("x",P$43)+1,99)),1,2),0),0))),IF(OR(Q34="",Q$43=""),0,IF(Q34=Q$43,5,IFERROR(IF(SIGN(VALUE(LEFT(Q34,FIND("x",Q34)-1))-VALUE(MID(Q34,FIND("x",Q34)+1,99)))=SIGN(VALUE(LEFT(Q$43,FIND("x",Q$43)-1))-VALUE(MID(Q$43,FIND("x",Q$43)+1,99))),IF(VALUE(LEFT(Q$43,FIND("x",Q$43)-1))=VALUE(MID(Q$43,FIND("x",Q$43)+1,99)),1,2),0),0))),IF(OR(R34="",R$43=""),0,IF(R34=R$43,5,IFERROR(IF(SIGN(VALUE(LEFT(R34,FIND("x",R34)-1))-VALUE(MID(R34,FIND("x",R34)+1,99)))=SIGN(VALUE(LEFT(R$43,FIND("x",R$43)-1))-VALUE(MID(R$43,FIND("x",R$43)+1,99))),IF(VALUE(LEFT(R$43,FIND("x",R$43)-1))=VALUE(MID(R$43,FIND("x",R$43)+1,99)),1,2),0),0))),IF(OR(S34="",S$43=""),0,IF(S34=S$43,5,IFERROR(IF(SIGN(VALUE(LEFT(S34,FIND("x",S34)-1))-VALUE(MID(S34,FIND("x",S34)+1,99)))=SIGN(VALUE(LEFT(S$43,FIND("x",S$43)-1))-VALUE(MID(S$43,FIND("x",S$43)+1,99))),IF(VALUE(LEFT(S$43,FIND("x",S$43)-1))=VALUE(MID(S$43,FIND("x",S$43)+1,99)),1,2),0),0))))&" ("&SUM(IF(AND(P34<>"",P34=P$43),1,0),IF(AND(Q34<>"",Q34=Q$43),1,0),IF(AND(R34<>"",R34=R$43),1,0),IF(AND(S34<>"",S34=S$43),1,0))&")") | V34: Lucas | AA34: =IF(COUNTA(W34:Z34)=0,"",SUM(IF(OR(W34="",W$43=""),0,IF(W34=W$43,5,IFERROR(IF(SIGN(VALUE(LEFT(W34,FIND("x",W34)-1))-VALUE(MID(W34,FIND("x",W34)+1,99)))=SIGN(VALUE(LEFT(W$43,FIND("x",W$43)-1))-VALUE(MID(W$43,FIND("x",W$43)+1,99))),IF(VALUE(LEFT(W$43,FIND("x",W$43)-1))=VALUE(MID(W$43,FIND("x",W$43)+1,99)),1,2),0),0))),IF(OR(X34="",X$43=""),0,IF(X34=X$43,5,IFERROR(IF(SIGN(VALUE(LEFT(X34,FIND("x",X34)-1))-VALUE(MID(X34,FIND("x",X34)+1,99)))=SIGN(VALUE(LEFT(X$43,FIND("x",X$43)-1))-VALUE(MID(X$43,FIND("x",X$43)+1,99))),IF(VALUE(LEFT(X$43,FIND("x",X$43)-1))=VALUE(MID(X$43,FIND("x",X$43)+1,99)),1,2),0),0))),IF(OR(Y34="",Y$43=""),0,IF(Y34=Y$43,5,IFERROR(IF(SIGN(VALUE(LEFT(Y34,FIND("x",Y34)-1))-VALUE(MID(Y34,FIND("x",Y34)+1,99)))=SIGN(VALUE(LEFT(Y$43,FIND("x",Y$43)-1))-VALUE(MID(Y$43,FIND("x",Y$43)+1,99))),IF(VALUE(LEFT(Y$43,FIND("x",Y$43)-1))=VALUE(MID(Y$43,FIND("x",Y$43)+1,99)),1,2),0),0))),IF(OR(Z34="",Z$43=""),0,IF(Z34=Z$43,5,IFERROR(IF(SIGN(VALUE(LEFT(Z34,FIND("x",Z34)-1))-VALUE(MID(Z34,FIND("x",Z34)+1,99)))=SIGN(VALUE(LEFT(Z$43,FIND("x",Z$43)-1))-VALUE(MID(Z$43,FIND("x",Z$43)+1,99))),IF(VALUE(LEFT(Z$43,FIND("x",Z$43)-1))=VALUE(MID(Z$43,FIND("x",Z$43)+1,99)),1,2),0),0))))&" ("&SUM(IF(AND(W34<>"",W34=W$43),1,0),IF(AND(X34<>"",X34=X$43),1,0),IF(AND(Y34<>"",Y34=Y$43),1,0),IF(AND(Z34<>"",Z34=Z$43),1,0))&")") | AC34: RESULTADO
A35: Maria Clara | F35: =IF(COUNTA(B35:E35)=0,"",SUM(IF(OR(B35="",B$43=""),0,IF(B35=B$43,5,IFERROR(IF(SIGN(VALUE(LEFT(B35,FIND("x",B35)-1))-VALUE(MID(B35,FIND("x",B35)+1,99)))=SIGN(VALUE(LEFT(B$43,FIND("x",B$43)-1))-VALUE(MID(B$43,FIND("x",B$43)+1,99))),IF(VALUE(LEFT(B$43,FIND("x",B$43)-1))=VALUE(MID(B$43,FIND("x",B$43)+1,99)),1,2),0),0))),IF(OR(C35="",C$43=""),0,IF(C35=C$43,5,IFERROR(IF(SIGN(VALUE(LEFT(C35,FIND("x",C35)-1))-VALUE(MID(C35,FIND("x",C35)+1,99)))=SIGN(VALUE(LEFT(C$43,FIND("x",C$43)-1))-VALUE(MID(C$43,FIND("x",C$43)+1,99))),IF(VALUE(LEFT(C$43,FIND("x",C$43)-1))=VALUE(MID(C$43,FIND("x",C$43)+1,99)),1,2),0),0))),IF(OR(D35="",D$43=""),0,IF(D35=D$43,5,IFERROR(IF(SIGN(VALUE(LEFT(D35,FIND("x",D35)-1))-VALUE(MID(D35,FIND("x",D35)+1,99)))=SIGN(VALUE(LEFT(D$43,FIND("x",D$43)-1))-VALUE(MID(D$43,FIND("x",D$43)+1,99))),IF(VALUE(LEFT(D$43,FIND("x",D$43)-1))=VALUE(MID(D$43,FIND("x",D$43)+1,99)),1,2),0),0))),IF(OR(E35="",E$43=""),0,IF(E35=E$43,5,IFERROR(IF(SIGN(VALUE(LEFT(E35,FIND("x",E35)-1))-VALUE(MID(E35,FIND("x",E35)+1,99)))=SIGN(VALUE(LEFT(E$43,FIND("x",E$43)-1))-VALUE(MID(E$43,FIND("x",E$43)+1,99))),IF(VALUE(LEFT(E$43,FIND("x",E$43)-1))=VALUE(MID(E$43,FIND("x",E$43)+1,99)),1,2),0),0))))&" ("&SUM(IF(AND(B35<>"",B35=B$43),1,0),IF(AND(C35<>"",C35=C$43),1,0),IF(AND(D35<>"",D35=D$43),1,0),IF(AND(E35<>"",E35=E$43),1,0))&")") | H35: Maria Clara | M35: =IF(COUNTA(I35:L35)=0,"",SUM(IF(OR(I35="",I$43=""),0,IF(I35=I$43,5,IFERROR(IF(SIGN(VALUE(LEFT(I35,FIND("x",I35)-1))-VALUE(MID(I35,FIND("x",I35)+1,99)))=SIGN(VALUE(LEFT(I$43,FIND("x",I$43)-1))-VALUE(MID(I$43,FIND("x",I$43)+1,99))),IF(VALUE(LEFT(I$43,FIND("x",I$43)-1))=VALUE(MID(I$43,FIND("x",I$43)+1,99)),1,2),0),0))),IF(OR(J35="",J$43=""),0,IF(J35=J$43,5,IFERROR(IF(SIGN(VALUE(LEFT(J35,FIND("x",J35)-1))-VALUE(MID(J35,FIND("x",J35)+1,99)))=SIGN(VALUE(LEFT(J$43,FIND("x",J$43)-1))-VALUE(MID(J$43,FIND("x",J$43)+1,99))),IF(VALUE(LEFT(J$43,FIND("x",J$43)-1))=VALUE(MID(J$43,FIND("x",J$43)+1,99)),1,2),0),0))),IF(OR(K35="",K$43=""),0,IF(K35=K$43,5,IFERROR(IF(SIGN(VALUE(LEFT(K35,FIND("x",K35)-1))-VALUE(MID(K35,FIND("x",K35)+1,99)))=SIGN(VALUE(LEFT(K$43,FIND("x",K$43)-1))-VALUE(MID(K$43,FIND("x",K$43)+1,99))),IF(VALUE(LEFT(K$43,FIND("x",K$43)-1))=VALUE(MID(K$43,FIND("x",K$43)+1,99)),1,2),0),0))),IF(OR(L35="",L$43=""),0,IF(L35=L$43,5,IFERROR(IF(SIGN(VALUE(LEFT(L35,FIND("x",L35)-1))-VALUE(MID(L35,FIND("x",L35)+1,99)))=SIGN(VALUE(LEFT(L$43,FIND("x",L$43)-1))-VALUE(MID(L$43,FIND("x",L$43)+1,99))),IF(VALUE(LEFT(L$43,FIND("x",L$43)-1))=VALUE(MID(L$43,FIND("x",L$43)+1,99)),1,2),0),0))))&" ("&SUM(IF(AND(I35<>"",I35=I$43),1,0),IF(AND(J35<>"",J35=J$43),1,0),IF(AND(K35<>"",K35=K$43),1,0),IF(AND(L35<>"",L35=L$43),1,0))&")") | O35: Maria Clara | T35: =IF(COUNTA(P35:S35)=0,"",SUM(IF(OR(P35="",P$43=""),0,IF(P35=P$43,5,IFERROR(IF(SIGN(VALUE(LEFT(P35,FIND("x",P35)-1))-VALUE(MID(P35,FIND("x",P35)+1,99)))=SIGN(VALUE(LEFT(P$43,FIND("x",P$43)-1))-VALUE(MID(P$43,FIND("x",P$43)+1,99))),IF(VALUE(LEFT(P$43,FIND("x",P$43)-1))=VALUE(MID(P$43,FIND("x",P$43)+1,99)),1,2),0),0))),IF(OR(Q35="",Q$43=""),0,IF(Q35=Q$43,5,IFERROR(IF(SIGN(VALUE(LEFT(Q35,FIND("x",Q35)-1))-VALUE(MID(Q35,FIND("x",Q35)+1,99)))=SIGN(VALUE(LEFT(Q$43,FIND("x",Q$43)-1))-VALUE(MID(Q$43,FIND("x",Q$43)+1,99))),IF(VALUE(LEFT(Q$43,FIND("x",Q$43)-1))=VALUE(MID(Q$43,FIND("x",Q$43)+1,99)),1,2),0),0))),IF(OR(R35="",R$43=""),0,IF(R35=R$43,5,IFERROR(IF(SIGN(VALUE(LEFT(R35,FIND("x",R35)-1))-VALUE(MID(R35,FIND("x",R35)+1,99)))=SIGN(VALUE(LEFT(R$43,FIND("x",R$43)-1))-VALUE(MID(R$43,FIND("x",R$43)+1,99))),IF(VALUE(LEFT(R$43,FIND("x",R$43)-1))=VALUE(MID(R$43,FIND("x",R$43)+1,99)),1,2),0),0))),IF(OR(S35="",S$43=""),0,IF(S35=S$43,5,IFERROR(IF(SIGN(VALUE(LEFT(S35,FIND("x",S35)-1))-VALUE(MID(S35,FIND("x",S35)+1,99)))=SIGN(VALUE(LEFT(S$43,FIND("x",S$43)-1))-VALUE(MID(S$43,FIND("x",S$43)+1,99))),IF(VALUE(LEFT(S$43,FIND("x",S$43)-1))=VALUE(MID(S$43,FIND("x",S$43)+1,99)),1,2),0),0))))&" ("&SUM(IF(AND(P35<>"",P35=P$43),1,0),IF(AND(Q35<>"",Q35=Q$43),1,0),IF(AND(R35<>"",R35=R$43),1,0),IF(AND(S35<>"",S35=S$43),1,0))&")") | V35: Maria Clara | AA35: =IF(COUNTA(W35:Z35)=0,"",SUM(IF(OR(W35="",W$43=""),0,IF(W35=W$43,5,IFERROR(IF(SIGN(VALUE(LEFT(W35,FIND("x",W35)-1))-VALUE(MID(W35,FIND("x",W35)+1,99)))=SIGN(VALUE(LEFT(W$43,FIND("x",W$43)-1))-VALUE(MID(W$43,FIND("x",W$43)+1,99))),IF(VALUE(LEFT(W$43,FIND("x",W$43)-1))=VALUE(MID(W$43,FIND("x",W$43)+1,99)),1,2),0),0))),IF(OR(X35="",X$43=""),0,IF(X35=X$43,5,IFERROR(IF(SIGN(VALUE(LEFT(X35,FIND("x",X35)-1))-VALUE(MID(X35,FIND("x",X35)+1,99)))=SIGN(VALUE(LEFT(X$43,FIND("x",X$43)-1))-VALUE(MID(X$43,FIND("x",X$43)+1,99))),IF(VALUE(LEFT(X$43,FIND("x",X$43)-1))=VALUE(MID(X$43,FIND("x",X$43)+1,99)),1,2),0),0))),IF(OR(Y35="",Y$43=""),0,IF(Y35=Y$43,5,IFERROR(IF(SIGN(VALUE(LEFT(Y35,FIND("x",Y35)-1))-VALUE(MID(Y35,FIND("x",Y35)+1,99)))=SIGN(VALUE(LEFT(Y$43,FIND("x",Y$43)-1))-VALUE(MID(Y$43,FIND("x",Y$43)+1,99))),IF(VALUE(LEFT(Y$43,FIND("x",Y$43)-1))=VALUE(MID(Y$43,FIND("x",Y$43)+1,99)),1,2),0),0))),IF(OR(Z35="",Z$43=""),0,IF(Z35=Z$43,5,IFERROR(IF(SIGN(VALUE(LEFT(Z35,FIND("x",Z35)-1))-VALUE(MID(Z35,FIND("x",Z35)+1,99)))=SIGN(VALUE(LEFT(Z$43,FIND("x",Z$43)-1))-VALUE(MID(Z$43,FIND("x",Z$43)+1,99))),IF(VALUE(LEFT(Z$43,FIND("x",Z$43)-1))=VALUE(MID(Z$43,FIND("x",Z$43)+1,99)),1,2),0),0))))&" ("&SUM(IF(AND(W35<>"",W35=W$43),1,0),IF(AND(X35<>"",X35=X$43),1,0),IF(AND(Y35<>"",Y35=Y$43),1,0),IF(AND(Z35<>"",Z35=Z$43),1,0))&")")
A36: Nicolas | F36: =IF(COUNTA(B36:E36)=0,"",SUM(IF(OR(B36="",B$43=""),0,IF(B36=B$43,5,IFERROR(IF(SIGN(VALUE(LEFT(B36,FIND("x",B36)-1))-VALUE(MID(B36,FIND("x",B36)+1,99)))=SIGN(VALUE(LEFT(B$43,FIND("x",B$43)-1))-VALUE(MID(B$43,FIND("x",B$43)+1,99))),IF(VALUE(LEFT(B$43,FIND("x",B$43)-1))=VALUE(MID(B$43,FIND("x",B$43)+1,99)),1,2),0),0))),IF(OR(C36="",C$43=""),0,IF(C36=C$43,5,IFERROR(IF(SIGN(VALUE(LEFT(C36,FIND("x",C36)-1))-VALUE(MID(C36,FIND("x",C36)+1,99)))=SIGN(VALUE(LEFT(C$43,FIND("x",C$43)-1))-VALUE(MID(C$43,FIND("x",C$43)+1,99))),IF(VALUE(LEFT(C$43,FIND("x",C$43)-1))=VALUE(MID(C$43,FIND("x",C$43)+1,99)),1,2),0),0))),IF(OR(D36="",D$43=""),0,IF(D36=D$43,5,IFERROR(IF(SIGN(VALUE(LEFT(D36,FIND("x",D36)-1))-VALUE(MID(D36,FIND("x",D36)+1,99)))=SIGN(VALUE(LEFT(D$43,FIND("x",D$43)-1))-VALUE(MID(D$43,FIND("x",D$43)+1,99))),IF(VALUE(LEFT(D$43,FIND("x",D$43)-1))=VALUE(MID(D$43,FIND("x",D$43)+1,99)),1,2),0),0))),IF(OR(E36="",E$43=""),0,IF(E36=E$43,5,IFERROR(IF(SIGN(VALUE(LEFT(E36,FIND("x",E36)-1))-VALUE(MID(E36,FIND("x",E36)+1,99)))=SIGN(VALUE(LEFT(E$43,FIND("x",E$43)-1))-VALUE(MID(E$43,FIND("x",E$43)+1,99))),IF(VALUE(LEFT(E$43,FIND("x",E$43)-1))=VALUE(MID(E$43,FIND("x",E$43)+1,99)),1,2),0),0))))&" ("&SUM(IF(AND(B36<>"",B36=B$43),1,0),IF(AND(C36<>"",C36=C$43),1,0),IF(AND(D36<>"",D36=D$43),1,0),IF(AND(E36<>"",E36=E$43),1,0))&")") | H36: Nicolas | M36: =IF(COUNTA(I36:L36)=0,"",SUM(IF(OR(I36="",I$43=""),0,IF(I36=I$43,5,IFERROR(IF(SIGN(VALUE(LEFT(I36,FIND("x",I36)-1))-VALUE(MID(I36,FIND("x",I36)+1,99)))=SIGN(VALUE(LEFT(I$43,FIND("x",I$43)-1))-VALUE(MID(I$43,FIND("x",I$43)+1,99))),IF(VALUE(LEFT(I$43,FIND("x",I$43)-1))=VALUE(MID(I$43,FIND("x",I$43)+1,99)),1,2),0),0))),IF(OR(J36="",J$43=""),0,IF(J36=J$43,5,IFERROR(IF(SIGN(VALUE(LEFT(J36,FIND("x",J36)-1))-VALUE(MID(J36,FIND("x",J36)+1,99)))=SIGN(VALUE(LEFT(J$43,FIND("x",J$43)-1))-VALUE(MID(J$43,FIND("x",J$43)+1,99))),IF(VALUE(LEFT(J$43,FIND("x",J$43)-1))=VALUE(MID(J$43,FIND("x",J$43)+1,99)),1,2),0),0))),IF(OR(K36="",K$43=""),0,IF(K36=K$43,5,IFERROR(IF(SIGN(VALUE(LEFT(K36,FIND("x",K36)-1))-VALUE(MID(K36,FIND("x",K36)+1,99)))=SIGN(VALUE(LEFT(K$43,FIND("x",K$43)-1))-VALUE(MID(K$43,FIND("x",K$43)+1,99))),IF(VALUE(LEFT(K$43,FIND("x",K$43)-1))=VALUE(MID(K$43,FIND("x",K$43)+1,99)),1,2),0),0))),IF(OR(L36="",L$43=""),0,IF(L36=L$43,5,IFERROR(IF(SIGN(VALUE(LEFT(L36,FIND("x",L36)-1))-VALUE(MID(L36,FIND("x",L36)+1,99)))=SIGN(VALUE(LEFT(L$43,FIND("x",L$43)-1))-VALUE(MID(L$43,FIND("x",L$43)+1,99))),IF(VALUE(LEFT(L$43,FIND("x",L$43)-1))=VALUE(MID(L$43,FIND("x",L$43)+1,99)),1,2),0),0))))&" ("&SUM(IF(AND(I36<>"",I36=I$43),1,0),IF(AND(J36<>"",J36=J$43),1,0),IF(AND(K36<>"",K36=K$43),1,0),IF(AND(L36<>"",L36=L$43),1,0))&")") | O36: Nicolas | T36: =IF(COUNTA(P36:S36)=0,"",SUM(IF(OR(P36="",P$43=""),0,IF(P36=P$43,5,IFERROR(IF(SIGN(VALUE(LEFT(P36,FIND("x",P36)-1))-VALUE(MID(P36,FIND("x",P36)+1,99)))=SIGN(VALUE(LEFT(P$43,FIND("x",P$43)-1))-VALUE(MID(P$43,FIND("x",P$43)+1,99))),IF(VALUE(LEFT(P$43,FIND("x",P$43)-1))=VALUE(MID(P$43,FIND("x",P$43)+1,99)),1,2),0),0))),IF(OR(Q36="",Q$43=""),0,IF(Q36=Q$43,5,IFERROR(IF(SIGN(VALUE(LEFT(Q36,FIND("x",Q36)-1))-VALUE(MID(Q36,FIND("x",Q36)+1,99)))=SIGN(VALUE(LEFT(Q$43,FIND("x",Q$43)-1))-VALUE(MID(Q$43,FIND("x",Q$43)+1,99))),IF(VALUE(LEFT(Q$43,FIND("x",Q$43)-1))=VALUE(MID(Q$43,FIND("x",Q$43)+1,99)),1,2),0),0))),IF(OR(R36="",R$43=""),0,IF(R36=R$43,5,IFERROR(IF(SIGN(VALUE(LEFT(R36,FIND("x",R36)-1))-VALUE(MID(R36,FIND("x",R36)+1,99)))=SIGN(VALUE(LEFT(R$43,FIND("x",R$43)-1))-VALUE(MID(R$43,FIND("x",R$43)+1,99))),IF(VALUE(LEFT(R$43,FIND("x",R$43)-1))=VALUE(MID(R$43,FIND("x",R$43)+1,99)),1,2),0),0))),IF(OR(S36="",S$43=""),0,IF(S36=S$43,5,IFERROR(IF(SIGN(VALUE(LEFT(S36,FIND("x",S36)-1))-VALUE(MID(S36,FIND("x",S36)+1,99)))=SIGN(VALUE(LEFT(S$43,FIND("x",S$43)-1))-VALUE(MID(S$43,FIND("x",S$43)+1,99))),IF(VALUE(LEFT(S$43,FIND("x",S$43)-1))=VALUE(MID(S$43,FIND("x",S$43)+1,99)),1,2),0),0))))&" ("&SUM(IF(AND(P36<>"",P36=P$43),1,0),IF(AND(Q36<>"",Q36=Q$43),1,0),IF(AND(R36<>"",R36=R$43),1,0),IF(AND(S36<>"",S36=S$43),1,0))&")") | V36: Nicolas | AA36: =IF(COUNTA(W36:Z36)=0,"",SUM(IF(OR(W36="",W$43=""),0,IF(W36=W$43,5,IFERROR(IF(SIGN(VALUE(LEFT(W36,FIND("x",W36)-1))-VALUE(MID(W36,FIND("x",W36)+1,99)))=SIGN(VALUE(LEFT(W$43,FIND("x",W$43)-1))-VALUE(MID(W$43,FIND("x",W$43)+1,99))),IF(VALUE(LEFT(W$43,FIND("x",W$43)-1))=VALUE(MID(W$43,FIND("x",W$43)+1,99)),1,2),0),0))),IF(OR(X36="",X$43=""),0,IF(X36=X$43,5,IFERROR(IF(SIGN(VALUE(LEFT(X36,FIND("x",X36)-1))-VALUE(MID(X36,FIND("x",X36)+1,99)))=SIGN(VALUE(LEFT(X$43,FIND("x",X$43)-1))-VALUE(MID(X$43,FIND("x",X$43)+1,99))),IF(VALUE(LEFT(X$43,FIND("x",X$43)-1))=VALUE(MID(X$43,FIND("x",X$43)+1,99)),1,2),0),0))),IF(OR(Y36="",Y$43=""),0,IF(Y36=Y$43,5,IFERROR(IF(SIGN(VALUE(LEFT(Y36,FIND("x",Y36)-1))-VALUE(MID(Y36,FIND("x",Y36)+1,99)))=SIGN(VALUE(LEFT(Y$43,FIND("x",Y$43)-1))-VALUE(MID(Y$43,FIND("x",Y$43)+1,99))),IF(VALUE(LEFT(Y$43,FIND("x",Y$43)-1))=VALUE(MID(Y$43,FIND("x",Y$43)+1,99)),1,2),0),0))),IF(OR(Z36="",Z$43=""),0,IF(Z36=Z$43,5,IFERROR(IF(SIGN(VALUE(LEFT(Z36,FIND("x",Z36)-1))-VALUE(MID(Z36,FIND("x",Z36)+1,99)))=SIGN(VALUE(LEFT(Z$43,FIND("x",Z$43)-1))-VALUE(MID(Z$43,FIND("x",Z$43)+1,99))),IF(VALUE(LEFT(Z$43,FIND("x",Z$43)-1))=VALUE(MID(Z$43,FIND("x",Z$43)+1,99)),1,2),0),0))))&" ("&SUM(IF(AND(W36<>"",W36=W$43),1,0),IF(AND(X36<>"",X36=X$43),1,0),IF(AND(Y36<>"",Y36=Y$43),1,0),IF(AND(Z36<>"",Z36=Z$43),1,0))&")") | AC36: Meus palpites (Nicolas)
A37: Victor | F37: =IF(COUNTA(B37:E37)=0,"",SUM(IF(OR(B37="",B$43=""),0,IF(B37=B$43,5,IFERROR(IF(SIGN(VALUE(LEFT(B37,FIND("x",B37)-1))-VALUE(MID(B37,FIND("x",B37)+1,99)))=SIGN(VALUE(LEFT(B$43,FIND("x",B$43)-1))-VALUE(MID(B$43,FIND("x",B$43)+1,99))),IF(VALUE(LEFT(B$43,FIND("x",B$43)-1))=VALUE(MID(B$43,FIND("x",B$43)+1,99)),1,2),0),0))),IF(OR(C37="",C$43=""),0,IF(C37=C$43,5,IFERROR(IF(SIGN(VALUE(LEFT(C37,FIND("x",C37)-1))-VALUE(MID(C37,FIND("x",C37)+1,99)))=SIGN(VALUE(LEFT(C$43,FIND("x",C$43)-1))-VALUE(MID(C$43,FIND("x",C$43)+1,99))),IF(VALUE(LEFT(C$43,FIND("x",C$43)-1))=VALUE(MID(C$43,FIND("x",C$43)+1,99)),1,2),0),0))),IF(OR(D37="",D$43=""),0,IF(D37=D$43,5,IFERROR(IF(SIGN(VALUE(LEFT(D37,FIND("x",D37)-1))-VALUE(MID(D37,FIND("x",D37)+1,99)))=SIGN(VALUE(LEFT(D$43,FIND("x",D$43)-1))-VALUE(MID(D$43,FIND("x",D$43)+1,99))),IF(VALUE(LEFT(D$43,FIND("x",D$43)-1))=VALUE(MID(D$43,FIND("x",D$43)+1,99)),1,2),0),0))),IF(OR(E37="",E$43=""),0,IF(E37=E$43,5,IFERROR(IF(SIGN(VALUE(LEFT(E37,FIND("x",E37)-1))-VALUE(MID(E37,FIND("x",E37)+1,99)))=SIGN(VALUE(LEFT(E$43,FIND("x",E$43)-1))-VALUE(MID(E$43,FIND("x",E$43)+1,99))),IF(VALUE(LEFT(E$43,FIND("x",E$43)-1))=VALUE(MID(E$43,FIND("x",E$43)+1,99)),1,2),0),0))))&" ("&SUM(IF(AND(B37<>"",B37=B$43),1,0),IF(AND(C37<>"",C37=C$43),1,0),IF(AND(D37<>"",D37=D$43),1,0),IF(AND(E37<>"",E37=E$43),1,0))&")") | H37: Victor | M37: =IF(COUNTA(I37:L37)=0,"",SUM(IF(OR(I37="",I$43=""),0,IF(I37=I$43,5,IFERROR(IF(SIGN(VALUE(LEFT(I37,FIND("x",I37)-1))-VALUE(MID(I37,FIND("x",I37)+1,99)))=SIGN(VALUE(LEFT(I$43,FIND("x",I$43)-1))-VALUE(MID(I$43,FIND("x",I$43)+1,99))),IF(VALUE(LEFT(I$43,FIND("x",I$43)-1))=VALUE(MID(I$43,FIND("x",I$43)+1,99)),1,2),0),0))),IF(OR(J37="",J$43=""),0,IF(J37=J$43,5,IFERROR(IF(SIGN(VALUE(LEFT(J37,FIND("x",J37)-1))-VALUE(MID(J37,FIND("x",J37)+1,99)))=SIGN(VALUE(LEFT(J$43,FIND("x",J$43)-1))-VALUE(MID(J$43,FIND("x",J$43)+1,99))),IF(VALUE(LEFT(J$43,FIND("x",J$43)-1))=VALUE(MID(J$43,FIND("x",J$43)+1,99)),1,2),0),0))),IF(OR(K37="",K$43=""),0,IF(K37=K$43,5,IFERROR(IF(SIGN(VALUE(LEFT(K37,FIND("x",K37)-1))-VALUE(MID(K37,FIND("x",K37)+1,99)))=SIGN(VALUE(LEFT(K$43,FIND("x",K$43)-1))-VALUE(MID(K$43,FIND("x",K$43)+1,99))),IF(VALUE(LEFT(K$43,FIND("x",K$43)-1))=VALUE(MID(K$43,FIND("x",K$43)+1,99)),1,2),0),0))),IF(OR(L37="",L$43=""),0,IF(L37=L$43,5,IFERROR(IF(SIGN(VALUE(LEFT(L37,FIND("x",L37)-1))-VALUE(MID(L37,FIND("x",L37)+1,99)))=SIGN(VALUE(LEFT(L$43,FIND("x",L$43)-1))-VALUE(MID(L$43,FIND("x",L$43)+1,99))),IF(VALUE(LEFT(L$43,FIND("x",L$43)-1))=VALUE(MID(L$43,FIND("x",L$43)+1,99)),1,2),0),0))))&" ("&SUM(IF(AND(I37<>"",I37=I$43),1,0),IF(AND(J37<>"",J37=J$43),1,0),IF(AND(K37<>"",K37=K$43),1,0),IF(AND(L37<>"",L37=L$43),1,0))&")") | O37: Victor | T37: =IF(COUNTA(P37:S37)=0,"",SUM(IF(OR(P37="",P$43=""),0,IF(P37=P$43,5,IFERROR(IF(SIGN(VALUE(LEFT(P37,FIND("x",P37)-1))-VALUE(MID(P37,FIND("x",P37)+1,99)))=SIGN(VALUE(LEFT(P$43,FIND("x",P$43)-1))-VALUE(MID(P$43,FIND("x",P$43)+1,99))),IF(VALUE(LEFT(P$43,FIND("x",P$43)-1))=VALUE(MID(P$43,FIND("x",P$43)+1,99)),1,2),0),0))),IF(OR(Q37="",Q$43=""),0,IF(Q37=Q$43,5,IFERROR(IF(SIGN(VALUE(LEFT(Q37,FIND("x",Q37)-1))-VALUE(MID(Q37,FIND("x",Q37)+1,99)))=SIGN(VALUE(LEFT(Q$43,FIND("x",Q$43)-1))-VALUE(MID(Q$43,FIND("x",Q$43)+1,99))),IF(VALUE(LEFT(Q$43,FIND("x",Q$43)-1))=VALUE(MID(Q$43,FIND("x",Q$43)+1,99)),1,2),0),0))),IF(OR(R37="",R$43=""),0,IF(R37=R$43,5,IFERROR(IF(SIGN(VALUE(LEFT(R37,FIND("x",R37)-1))-VALUE(MID(R37,FIND("x",R37)+1,99)))=SIGN(VALUE(LEFT(R$43,FIND("x",R$43)-1))-VALUE(MID(R$43,FIND("x",R$43)+1,99))),IF(VALUE(LEFT(R$43,FIND("x",R$43)-1))=VALUE(MID(R$43,FIND("x",R$43)+1,99)),1,2),0),0))),IF(OR(S37="",S$43=""),0,IF(S37=S$43,5,IFERROR(IF(SIGN(VALUE(LEFT(S37,FIND("x",S37)-1))-VALUE(MID(S37,FIND("x",S37)+1,99)))=SIGN(VALUE(LEFT(S$43,FIND("x",S$43)-1))-VALUE(MID(S$43,FIND("x",S$43)+1,99))),IF(VALUE(LEFT(S$43,FIND("x",S$43)-1))=VALUE(MID(S$43,FIND("x",S$43)+1,99)),1,2),0),0))))&" ("&SUM(IF(AND(P37<>"",P37=P$43),1,0),IF(AND(Q37<>"",Q37=Q$43),1,0),IF(AND(R37<>"",R37=R$43),1,0),IF(AND(S37<>"",S37=S$43),1,0))&")") | V37: Victor | AA37: =IF(COUNTA(W37:Z37)=0,"",SUM(IF(OR(W37="",W$43=""),0,IF(W37=W$43,5,IFERROR(IF(SIGN(VALUE(LEFT(W37,FIND("x",W37)-1))-VALUE(MID(W37,FIND("x",W37)+1,99)))=SIGN(VALUE(LEFT(W$43,FIND("x",W$43)-1))-VALUE(MID(W$43,FIND("x",W$43)+1,99))),IF(VALUE(LEFT(W$43,FIND("x",W$43)-1))=VALUE(MID(W$43,FIND("x",W$43)+1,99)),1,2),0),0))),IF(OR(X37="",X$43=""),0,IF(X37=X$43,5,IFERROR(IF(SIGN(VALUE(LEFT(X37,FIND("x",X37)-1))-VALUE(MID(X37,FIND("x",X37)+1,99)))=SIGN(VALUE(LEFT(X$43,FIND("x",X$43)-1))-VALUE(MID(X$43,FIND("x",X$43)+1,99))),IF(VALUE(LEFT(X$43,FIND("x",X$43)-1))=VALUE(MID(X$43,FIND("x",X$43)+1,99)),1,2),0),0))),IF(OR(Y37="",Y$43=""),0,IF(Y37=Y$43,5,IFERROR(IF(SIGN(VALUE(LEFT(Y37,FIND("x",Y37)-1))-VALUE(MID(Y37,FIND("x",Y37)+1,99)))=SIGN(VALUE(LEFT(Y$43,FIND("x",Y$43)-1))-VALUE(MID(Y$43,FIND("x",Y$43)+1,99))),IF(VALUE(LEFT(Y$43,FIND("x",Y$43)-1))=VALUE(MID(Y$43,FIND("x",Y$43)+1,99)),1,2),0),0))),IF(OR(Z37="",Z$43=""),0,IF(Z37=Z$43,5,IFERROR(IF(SIGN(VALUE(LEFT(Z37,FIND("x",Z37)-1))-VALUE(MID(Z37,FIND("x",Z37)+1,99)))=SIGN(VALUE(LEFT(Z$43,FIND("x",Z$43)-1))-VALUE(MID(Z$43,FIND("x",Z$43)+1,99))),IF(VALUE(LEFT(Z$43,FIND("x",Z$43)-1))=VALUE(MID(Z$43,FIND("x",Z$43)+1,99)),1,2),0),0))))&" ("&SUM(IF(AND(W37<>"",W37=W$43),1,0),IF(AND(X37<>"",X37=X$43),1,0),IF(AND(Y37<>"",Y37=Y$43),1,0),IF(AND(Z37<>"",Z37=Z$43),1,0))&")") | AC37: 14:00 Holanda x Suécia | AE37: 21:00 Equador x Curaçao
A38: Vinicius | F38: =IF(COUNTA(B38:E38)=0,"",SUM(IF(OR(B38="",B$43=""),0,IF(B38=B$43,5,IFERROR(IF(SIGN(VALUE(LEFT(B38,FIND("x",B38)-1))-VALUE(MID(B38,FIND("x",B38)+1,99)))=SIGN(VALUE(LEFT(B$43,FIND("x",B$43)-1))-VALUE(MID(B$43,FIND("x",B$43)+1,99))),IF(VALUE(LEFT(B$43,FIND("x",B$43)-1))=VALUE(MID(B$43,FIND("x",B$43)+1,99)),1,2),0),0))),IF(OR(C38="",C$43=""),0,IF(C38=C$43,5,IFERROR(IF(SIGN(VALUE(LEFT(C38,FIND("x",C38)-1))-VALUE(MID(C38,FIND("x",C38)+1,99)))=SIGN(VALUE(LEFT(C$43,FIND("x",C$43)-1))-VALUE(MID(C$43,FIND("x",C$43)+1,99))),IF(VALUE(LEFT(C$43,FIND("x",C$43)-1))=VALUE(MID(C$43,FIND("x",C$43)+1,99)),1,2),0),0))),IF(OR(D38="",D$43=""),0,IF(D38=D$43,5,IFERROR(IF(SIGN(VALUE(LEFT(D38,FIND("x",D38)-1))-VALUE(MID(D38,FIND("x",D38)+1,99)))=SIGN(VALUE(LEFT(D$43,FIND("x",D$43)-1))-VALUE(MID(D$43,FIND("x",D$43)+1,99))),IF(VALUE(LEFT(D$43,FIND("x",D$43)-1))=VALUE(MID(D$43,FIND("x",D$43)+1,99)),1,2),0),0))),IF(OR(E38="",E$43=""),0,IF(E38=E$43,5,IFERROR(IF(SIGN(VALUE(LEFT(E38,FIND("x",E38)-1))-VALUE(MID(E38,FIND("x",E38)+1,99)))=SIGN(VALUE(LEFT(E$43,FIND("x",E$43)-1))-VALUE(MID(E$43,FIND("x",E$43)+1,99))),IF(VALUE(LEFT(E$43,FIND("x",E$43)-1))=VALUE(MID(E$43,FIND("x",E$43)+1,99)),1,2),0),0))))&" ("&SUM(IF(AND(B38<>"",B38=B$43),1,0),IF(AND(C38<>"",C38=C$43),1,0),IF(AND(D38<>"",D38=D$43),1,0),IF(AND(E38<>"",E38=E$43),1,0))&")") | H38: Vinicius | M38: =IF(COUNTA(I38:L38)=0,"",SUM(IF(OR(I38="",I$43=""),0,IF(I38=I$43,5,IFERROR(IF(SIGN(VALUE(LEFT(I38,FIND("x",I38)-1))-VALUE(MID(I38,FIND("x",I38)+1,99)))=SIGN(VALUE(LEFT(I$43,FIND("x",I$43)-1))-VALUE(MID(I$43,FIND("x",I$43)+1,99))),IF(VALUE(LEFT(I$43,FIND("x",I$43)-1))=VALUE(MID(I$43,FIND("x",I$43)+1,99)),1,2),0),0))),IF(OR(J38="",J$43=""),0,IF(J38=J$43,5,IFERROR(IF(SIGN(VALUE(LEFT(J38,FIND("x",J38)-1))-VALUE(MID(J38,FIND("x",J38)+1,99)))=SIGN(VALUE(LEFT(J$43,FIND("x",J$43)-1))-VALUE(MID(J$43,FIND("x",J$43)+1,99))),IF(VALUE(LEFT(J$43,FIND("x",J$43)-1))=VALUE(MID(J$43,FIND("x",J$43)+1,99)),1,2),0),0))),IF(OR(K38="",K$43=""),0,IF(K38=K$43,5,IFERROR(IF(SIGN(VALUE(LEFT(K38,FIND("x",K38)-1))-VALUE(MID(K38,FIND("x",K38)+1,99)))=SIGN(VALUE(LEFT(K$43,FIND("x",K$43)-1))-VALUE(MID(K$43,FIND("x",K$43)+1,99))),IF(VALUE(LEFT(K$43,FIND("x",K$43)-1))=VALUE(MID(K$43,FIND("x",K$43)+1,99)),1,2),0),0))),IF(OR(L38="",L$43=""),0,IF(L38=L$43,5,IFERROR(IF(SIGN(VALUE(LEFT(L38,FIND("x",L38)-1))-VALUE(MID(L38,FIND("x",L38)+1,99)))=SIGN(VALUE(LEFT(L$43,FIND("x",L$43)-1))-VALUE(MID(L$43,FIND("x",L$43)+1,99))),IF(VALUE(LEFT(L$43,FIND("x",L$43)-1))=VALUE(MID(L$43,FIND("x",L$43)+1,99)),1,2),0),0))))&" ("&SUM(IF(AND(I38<>"",I38=I$43),1,0),IF(AND(J38<>"",J38=J$43),1,0),IF(AND(K38<>"",K38=K$43),1,0),IF(AND(L38<>"",L38=L$43),1,0))&")") | O38: Vinicius | T38: =IF(COUNTA(P38:S38)=0,"",SUM(IF(OR(P38="",P$43=""),0,IF(P38=P$43,5,IFERROR(IF(SIGN(VALUE(LEFT(P38,FIND("x",P38)-1))-VALUE(MID(P38,FIND("x",P38)+1,99)))=SIGN(VALUE(LEFT(P$43,FIND("x",P$43)-1))-VALUE(MID(P$43,FIND("x",P$43)+1,99))),IF(VALUE(LEFT(P$43,FIND("x",P$43)-1))=VALUE(MID(P$43,FIND("x",P$43)+1,99)),1,2),0),0))),IF(OR(Q38="",Q$43=""),0,IF(Q38=Q$43,5,IFERROR(IF(SIGN(VALUE(LEFT(Q38,FIND("x",Q38)-1))-VALUE(MID(Q38,FIND("x",Q38)+1,99)))=SIGN(VALUE(LEFT(Q$43,FIND("x",Q$43)-1))-VALUE(MID(Q$43,FIND("x",Q$43)+1,99))),IF(VALUE(LEFT(Q$43,FIND("x",Q$43)-1))=VALUE(MID(Q$43,FIND("x",Q$43)+1,99)),1,2),0),0))),IF(OR(R38="",R$43=""),0,IF(R38=R$43,5,IFERROR(IF(SIGN(VALUE(LEFT(R38,FIND("x",R38)-1))-VALUE(MID(R38,FIND("x",R38)+1,99)))=SIGN(VALUE(LEFT(R$43,FIND("x",R$43)-1))-VALUE(MID(R$43,FIND("x",R$43)+1,99))),IF(VALUE(LEFT(R$43,FIND("x",R$43)-1))=VALUE(MID(R$43,FIND("x",R$43)+1,99)),1,2),0),0))),IF(OR(S38="",S$43=""),0,IF(S38=S$43,5,IFERROR(IF(SIGN(VALUE(LEFT(S38,FIND("x",S38)-1))-VALUE(MID(S38,FIND("x",S38)+1,99)))=SIGN(VALUE(LEFT(S$43,FIND("x",S$43)-1))-VALUE(MID(S$43,FIND("x",S$43)+1,99))),IF(VALUE(LEFT(S$43,FIND("x",S$43)-1))=VALUE(MID(S$43,FIND("x",S$43)+1,99)),1,2),0),0))))&" ("&SUM(IF(AND(P38<>"",P38=P$43),1,0),IF(AND(Q38<>"",Q38=Q$43),1,0),IF(AND(R38<>"",R38=R$43),1,0),IF(AND(S38<>"",S38=S$43),1,0))&")") | V38: Vinicius | AA38: =IF(COUNTA(W38:Z38)=0,"",SUM(IF(OR(W38="",W$43=""),0,IF(W38=W$43,5,IFERROR(IF(SIGN(VALUE(LEFT(W38,FIND("x",W38)-1))-VALUE(MID(W38,FIND("x",W38)+1,99)))=SIGN(VALUE(LEFT(W$43,FIND("x",W$43)-1))-VALUE(MID(W$43,FIND("x",W$43)+1,99))),IF(VALUE(LEFT(W$43,FIND("x",W$43)-1))=VALUE(MID(W$43,FIND("x",W$43)+1,99)),1,2),0),0))),IF(OR(X38="",X$43=""),0,IF(X38=X$43,5,IFERROR(IF(SIGN(VALUE(LEFT(X38,FIND("x",X38)-1))-VALUE(MID(X38,FIND("x",X38)+1,99)))=SIGN(VALUE(LEFT(X$43,FIND("x",X$43)-1))-VALUE(MID(X$43,FIND("x",X$43)+1,99))),IF(VALUE(LEFT(X$43,FIND("x",X$43)-1))=VALUE(MID(X$43,FIND("x",X$43)+1,99)),1,2),0),0))),IF(OR(Y38="",Y$43=""),0,IF(Y38=Y$43,5,IFERROR(IF(SIGN(VALUE(LEFT(Y38,FIND("x",Y38)-1))-VALUE(MID(Y38,FIND("x",Y38)+1,99)))=SIGN(VALUE(LEFT(Y$43,FIND("x",Y$43)-1))-VALUE(MID(Y$43,FIND("x",Y$43)+1,99))),IF(VALUE(LEFT(Y$43,FIND("x",Y$43)-1))=VALUE(MID(Y$43,FIND("x",Y$43)+1,99)),1,2),0),0))),IF(OR(Z38="",Z$43=""),0,IF(Z38=Z$43,5,IFERROR(IF(SIGN(VALUE(LEFT(Z38,FIND("x",Z38)-1))-VALUE(MID(Z38,FIND("x",Z38)+1,99)))=SIGN(VALUE(LEFT(Z$43,FIND("x",Z$43)-1))-VALUE(MID(Z$43,FIND("x",Z$43)+1,99))),IF(VALUE(LEFT(Z$43,FIND("x",Z$43)-1))=VALUE(MID(Z$43,FIND("x",Z$43)+1,99)),1,2),0),0))))&" ("&SUM(IF(AND(W38<>"",W38=W$43),1,0),IF(AND(X38<>"",X38=X$43),1,0),IF(AND(Y38<>"",Y38=Y$43),1,0),IF(AND(Z38<>"",Z38=Z$43),1,0))&")") | AC38: 17:00 Alemanha x Costa do Marfim | AE38: 01:00 Tunísia x Japão
A39: Vitor | F39: =IF(COUNTA(B39:E39)=0,"",SUM(IF(OR(B39="",B$43=""),0,IF(B39=B$43,5,IFERROR(IF(SIGN(VALUE(LEFT(B39,FIND("x",B39)-1))-VALUE(MID(B39,FIND("x",B39)+1,99)))=SIGN(VALUE(LEFT(B$43,FIND("x",B$43)-1))-VALUE(MID(B$43,FIND("x",B$43)+1,99))),IF(VALUE(LEFT(B$43,FIND("x",B$43)-1))=VALUE(MID(B$43,FIND("x",B$43)+1,99)),1,2),0),0))),IF(OR(C39="",C$43=""),0,IF(C39=C$43,5,IFERROR(IF(SIGN(VALUE(LEFT(C39,FIND("x",C39)-1))-VALUE(MID(C39,FIND("x",C39)+1,99)))=SIGN(VALUE(LEFT(C$43,FIND("x",C$43)-1))-VALUE(MID(C$43,FIND("x",C$43)+1,99))),IF(VALUE(LEFT(C$43,FIND("x",C$43)-1))=VALUE(MID(C$43,FIND("x",C$43)+1,99)),1,2),0),0))),IF(OR(D39="",D$43=""),0,IF(D39=D$43,5,IFERROR(IF(SIGN(VALUE(LEFT(D39,FIND("x",D39)-1))-VALUE(MID(D39,FIND("x",D39)+1,99)))=SIGN(VALUE(LEFT(D$43,FIND("x",D$43)-1))-VALUE(MID(D$43,FIND("x",D$43)+1,99))),IF(VALUE(LEFT(D$43,FIND("x",D$43)-1))=VALUE(MID(D$43,FIND("x",D$43)+1,99)),1,2),0),0))),IF(OR(E39="",E$43=""),0,IF(E39=E$43,5,IFERROR(IF(SIGN(VALUE(LEFT(E39,FIND("x",E39)-1))-VALUE(MID(E39,FIND("x",E39)+1,99)))=SIGN(VALUE(LEFT(E$43,FIND("x",E$43)-1))-VALUE(MID(E$43,FIND("x",E$43)+1,99))),IF(VALUE(LEFT(E$43,FIND("x",E$43)-1))=VALUE(MID(E$43,FIND("x",E$43)+1,99)),1,2),0),0))))&" ("&SUM(IF(AND(B39<>"",B39=B$43),1,0),IF(AND(C39<>"",C39=C$43),1,0),IF(AND(D39<>"",D39=D$43),1,0),IF(AND(E39<>"",E39=E$43),1,0))&")") | H39: Vitor | M39: =IF(COUNTA(I39:L39)=0,"",SUM(IF(OR(I39="",I$43=""),0,IF(I39=I$43,5,IFERROR(IF(SIGN(VALUE(LEFT(I39,FIND("x",I39)-1))-VALUE(MID(I39,FIND("x",I39)+1,99)))=SIGN(VALUE(LEFT(I$43,FIND("x",I$43)-1))-VALUE(MID(I$43,FIND("x",I$43)+1,99))),IF(VALUE(LEFT(I$43,FIND("x",I$43)-1))=VALUE(MID(I$43,FIND("x",I$43)+1,99)),1,2),0),0))),IF(OR(J39="",J$43=""),0,IF(J39=J$43,5,IFERROR(IF(SIGN(VALUE(LEFT(J39,FIND("x",J39)-1))-VALUE(MID(J39,FIND("x",J39)+1,99)))=SIGN(VALUE(LEFT(J$43,FIND("x",J$43)-1))-VALUE(MID(J$43,FIND("x",J$43)+1,99))),IF(VALUE(LEFT(J$43,FIND("x",J$43)-1))=VALUE(MID(J$43,FIND("x",J$43)+1,99)),1,2),0),0))),IF(OR(K39="",K$43=""),0,IF(K39=K$43,5,IFERROR(IF(SIGN(VALUE(LEFT(K39,FIND("x",K39)-1))-VALUE(MID(K39,FIND("x",K39)+1,99)))=SIGN(VALUE(LEFT(K$43,FIND("x",K$43)-1))-VALUE(MID(K$43,FIND("x",K$43)+1,99))),IF(VALUE(LEFT(K$43,FIND("x",K$43)-1))=VALUE(MID(K$43,FIND("x",K$43)+1,99)),1,2),0),0))),IF(OR(L39="",L$43=""),0,IF(L39=L$43,5,IFERROR(IF(SIGN(VALUE(LEFT(L39,FIND("x",L39)-1))-VALUE(MID(L39,FIND("x",L39)+1,99)))=SIGN(VALUE(LEFT(L$43,FIND("x",L$43)-1))-VALUE(MID(L$43,FIND("x",L$43)+1,99))),IF(VALUE(LEFT(L$43,FIND("x",L$43)-1))=VALUE(MID(L$43,FIND("x",L$43)+1,99)),1,2),0),0))))&" ("&SUM(IF(AND(I39<>"",I39=I$43),1,0),IF(AND(J39<>"",J39=J$43),1,0),IF(AND(K39<>"",K39=K$43),1,0),IF(AND(L39<>"",L39=L$43),1,0))&")") | O39: Vitor | T39: =IF(COUNTA(P39:S39)=0,"",SUM(IF(OR(P39="",P$43=""),0,IF(P39=P$43,5,IFERROR(IF(SIGN(VALUE(LEFT(P39,FIND("x",P39)-1))-VALUE(MID(P39,FIND("x",P39)+1,99)))=SIGN(VALUE(LEFT(P$43,FIND("x",P$43)-1))-VALUE(MID(P$43,FIND("x",P$43)+1,99))),IF(VALUE(LEFT(P$43,FIND("x",P$43)-1))=VALUE(MID(P$43,FIND("x",P$43)+1,99)),1,2),0),0))),IF(OR(Q39="",Q$43=""),0,IF(Q39=Q$43,5,IFERROR(IF(SIGN(VALUE(LEFT(Q39,FIND("x",Q39)-1))-VALUE(MID(Q39,FIND("x",Q39)+1,99)))=SIGN(VALUE(LEFT(Q$43,FIND("x",Q$43)-1))-VALUE(MID(Q$43,FIND("x",Q$43)+1,99))),IF(VALUE(LEFT(Q$43,FIND("x",Q$43)-1))=VALUE(MID(Q$43,FIND("x",Q$43)+1,99)),1,2),0),0))),IF(OR(R39="",R$43=""),0,IF(R39=R$43,5,IFERROR(IF(SIGN(VALUE(LEFT(R39,FIND("x",R39)-1))-VALUE(MID(R39,FIND("x",R39)+1,99)))=SIGN(VALUE(LEFT(R$43,FIND("x",R$43)-1))-VALUE(MID(R$43,FIND("x",R$43)+1,99))),IF(VALUE(LEFT(R$43,FIND("x",R$43)-1))=VALUE(MID(R$43,FIND("x",R$43)+1,99)),1,2),0),0))),IF(OR(S39="",S$43=""),0,IF(S39=S$43,5,IFERROR(IF(SIGN(VALUE(LEFT(S39,FIND("x",S39)-1))-VALUE(MID(S39,FIND("x",S39)+1,99)))=SIGN(VALUE(LEFT(S$43,FIND("x",S$43)-1))-VALUE(MID(S$43,FIND("x",S$43)+1,99))),IF(VALUE(LEFT(S$43,FIND("x",S$43)-1))=VALUE(MID(S$43,FIND("x",S$43)+1,99)),1,2),0),0))))&" ("&SUM(IF(AND(P39<>"",P39=P$43),1,0),IF(AND(Q39<>"",Q39=Q$43),1,0),IF(AND(R39<>"",R39=R$43),1,0),IF(AND(S39<>"",S39=S$43),1,0))&")") | V39: Vitor | AA39: =IF(COUNTA(W39:Z39)=0,"",SUM(IF(OR(W39="",W$43=""),0,IF(W39=W$43,5,IFERROR(IF(SIGN(VALUE(LEFT(W39,FIND("x",W39)-1))-VALUE(MID(W39,FIND("x",W39)+1,99)))=SIGN(VALUE(LEFT(W$43,FIND("x",W$43)-1))-VALUE(MID(W$43,FIND("x",W$43)+1,99))),IF(VALUE(LEFT(W$43,FIND("x",W$43)-1))=VALUE(MID(W$43,FIND("x",W$43)+1,99)),1,2),0),0))),IF(OR(X39="",X$43=""),0,IF(X39=X$43,5,IFERROR(IF(SIGN(VALUE(LEFT(X39,FIND("x",X39)-1))-VALUE(MID(X39,FIND("x",X39)+1,99)))=SIGN(VALUE(LEFT(X$43,FIND("x",X$43)-1))-VALUE(MID(X$43,FIND("x",X$43)+1,99))),IF(VALUE(LEFT(X$43,FIND("x",X$43)-1))=VALUE(MID(X$43,FIND("x",X$43)+1,99)),1,2),0),0))),IF(OR(Y39="",Y$43=""),0,IF(Y39=Y$43,5,IFERROR(IF(SIGN(VALUE(LEFT(Y39,FIND("x",Y39)-1))-VALUE(MID(Y39,FIND("x",Y39)+1,99)))=SIGN(VALUE(LEFT(Y$43,FIND("x",Y$43)-1))-VALUE(MID(Y$43,FIND("x",Y$43)+1,99))),IF(VALUE(LEFT(Y$43,FIND("x",Y$43)-1))=VALUE(MID(Y$43,FIND("x",Y$43)+1,99)),1,2),0),0))),IF(OR(Z39="",Z$43=""),0,IF(Z39=Z$43,5,IFERROR(IF(SIGN(VALUE(LEFT(Z39,FIND("x",Z39)-1))-VALUE(MID(Z39,FIND("x",Z39)+1,99)))=SIGN(VALUE(LEFT(Z$43,FIND("x",Z$43)-1))-VALUE(MID(Z$43,FIND("x",Z$43)+1,99))),IF(VALUE(LEFT(Z$43,FIND("x",Z$43)-1))=VALUE(MID(Z$43,FIND("x",Z$43)+1,99)),1,2),0),0))))&" ("&SUM(IF(AND(W39<>"",W39=W$43),1,0),IF(AND(X39<>"",X39=X$43),1,0),IF(AND(Y39<>"",Y39=Y$43),1,0),IF(AND(Z39<>"",Z39=Z$43),1,0))&")")
A43: RESULTADO | H43: RESULTADO | O43: RESULTADO
A44: Meus palpites (Nicolas) | H44: Meus palpites (Nicolas) | O44: Meus palpites (Nicolas)
A45: 16:00 França x Senegal | C45: 22:00 Argentina x Argélia | H45: 14:00 Portugal x RD Congo | J45: 20:00 Gana x Panamá | O45: 13:00 Tchéquia x África do Sul | Q45: 19:00 Canadá x Catar
A46: 19:00 Iraque x Noruega | C46: 01:00 Áustria x Jordânia | H46: 17:00 Inglaterra x Croácia | J46: 23:00 Uzbequistão x Colômbia | O46: 16:00 Suíça x Bósnia | Q46: 22:00 México x Coreia do Sul
A47: DOMINGO | B47: 0.54166667 | C47: 0.66666667 | D47: 0.79166667 | E47: 0.91666667 | H47: SEGUNDA | I47: 0.58333333 | J47: 0.66666667 | K47: 0.875 | L47: 0 | O47: TERÇA | P47: 0.58333333 | Q47: 0.70833333 | R47: 0.83333333 | S47: 0.95833333
A48: DIA 11 - 21/06 | B48: ESP x ARA | C48: BEL x IRA | D48: URU x CAB | E48: NZL x EGI | F48: TOTAL | H48: DIA 12 - 22/06 | I48: ARG x ÁUS | J48: FRA x IRQ | K48: NOR x SEN | L48: JOR x AGL | M48: TOTAL | O48: DIA 13 - 23/6 | P48: POR x UZB | Q48: ING x GAN | R48: PAN x CRO | S48: COL x RDC | T48: TOTAL
A49: Brenno | F49: =IF(COUNTA(B49:E49)=0,"",SUM(IF(OR(B49="",B$60=""),0,IF(B49=B$60,5,IFERROR(IF(SIGN(VALUE(LEFT(B49,FIND("x",B49)-1))-VALUE(MID(B49,FIND("x",B49)+1,99)))=SIGN(VALUE(LEFT(B$60,FIND("x",B$60)-1))-VALUE(MID(B$60,FIND("x",B$60)+1,99))),IF(VALUE(LEFT(B$60,FIND("x",B$60)-1))=VALUE(MID(B$60,FIND("x",B$60)+1,99)),1,2),0),0))),IF(OR(C49="",C$60=""),0,IF(C49=C$60,5,IFERROR(IF(SIGN(VALUE(LEFT(C49,FIND("x",C49)-1))-VALUE(MID(C49,FIND("x",C49)+1,99)))=SIGN(VALUE(LEFT(C$60,FIND("x",C$60)-1))-VALUE(MID(C$60,FIND("x",C$60)+1,99))),IF(VALUE(LEFT(C$60,FIND("x",C$60)-1))=VALUE(MID(C$60,FIND("x",C$60)+1,99)),1,2),0),0))),IF(OR(D49="",D$60=""),0,IF(D49=D$60,5,IFERROR(IF(SIGN(VALUE(LEFT(D49,FIND("x",D49)-1))-VALUE(MID(D49,FIND("x",D49)+1,99)))=SIGN(VALUE(LEFT(D$60,FIND("x",D$60)-1))-VALUE(MID(D$60,FIND("x",D$60)+1,99))),IF(VALUE(LEFT(D$60,FIND("x",D$60)-1))=VALUE(MID(D$60,FIND("x",D$60)+1,99)),1,2),0),0))),IF(OR(E49="",E$60=""),0,IF(E49=E$60,5,IFERROR(IF(SIGN(VALUE(LEFT(E49,FIND("x",E49)-1))-VALUE(MID(E49,FIND("x",E49)+1,99)))=SIGN(VALUE(LEFT(E$60,FIND("x",E$60)-1))-VALUE(MID(E$60,FIND("x",E$60)+1,99))),IF(VALUE(LEFT(E$60,FIND("x",E$60)-1))=VALUE(MID(E$60,FIND("x",E$60)+1,99)),1,2),0),0))))&" ("&SUM(IF(AND(B49<>"",B49=B$60),1,0),IF(AND(C49<>"",C49=C$60),1,0),IF(AND(D49<>"",D49=D$60),1,0),IF(AND(E49<>"",E49=E$60),1,0))&")") | H49: Brenno | M49: =IF(COUNTA(I49:L49)=0,"",SUM(IF(OR(I49="",I$60=""),0,IF(I49=I$60,5,IFERROR(IF(SIGN(VALUE(LEFT(I49,FIND("x",I49)-1))-VALUE(MID(I49,FIND("x",I49)+1,99)))=SIGN(VALUE(LEFT(I$60,FIND("x",I$60)-1))-VALUE(MID(I$60,FIND("x",I$60)+1,99))),IF(VALUE(LEFT(I$60,FIND("x",I$60)-1))=VALUE(MID(I$60,FIND("x",I$60)+1,99)),1,2),0),0))),IF(OR(J49="",J$60=""),0,IF(J49=J$60,5,IFERROR(IF(SIGN(VALUE(LEFT(J49,FIND("x",J49)-1))-VALUE(MID(J49,FIND("x",J49)+1,99)))=SIGN(VALUE(LEFT(J$60,FIND("x",J$60)-1))-VALUE(MID(J$60,FIND("x",J$60)+1,99))),IF(VALUE(LEFT(J$60,FIND("x",J$60)-1))=VALUE(MID(J$60,FIND("x",J$60)+1,99)),1,2),0),0))),IF(OR(K49="",K$60=""),0,IF(K49=K$60,5,IFERROR(IF(SIGN(VALUE(LEFT(K49,FIND("x",K49)-1))-VALUE(MID(K49,FIND("x",K49)+1,99)))=SIGN(VALUE(LEFT(K$60,FIND("x",K$60)-1))-VALUE(MID(K$60,FIND("x",K$60)+1,99))),IF(VALUE(LEFT(K$60,FIND("x",K$60)-1))=VALUE(MID(K$60,FIND("x",K$60)+1,99)),1,2),0),0))),IF(OR(L49="",L$60=""),0,IF(L49=L$60,5,IFERROR(IF(SIGN(VALUE(LEFT(L49,FIND("x",L49)-1))-VALUE(MID(L49,FIND("x",L49)+1,99)))=SIGN(VALUE(LEFT(L$60,FIND("x",L$60)-1))-VALUE(MID(L$60,FIND("x",L$60)+1,99))),IF(VALUE(LEFT(L$60,FIND("x",L$60)-1))=VALUE(MID(L$60,FIND("x",L$60)+1,99)),1,2),0),0))))&" ("&SUM(IF(AND(I49<>"",I49=I$60),1,0),IF(AND(J49<>"",J49=J$60),1,0),IF(AND(K49<>"",K49=K$60),1,0),IF(AND(L49<>"",L49=L$60),1,0))&")") | O49: Brenno | T49: =IF(COUNTA(P49:S49)=0,"",SUM(IF(OR(P49="",P$60=""),0,IF(P49=P$60,5,IFERROR(IF(SIGN(VALUE(LEFT(P49,FIND("x",P49)-1))-VALUE(MID(P49,FIND("x",P49)+1,99)))=SIGN(VALUE(LEFT(P$60,FIND("x",P$60)-1))-VALUE(MID(P$60,FIND("x",P$60)+1,99))),IF(VALUE(LEFT(P$60,FIND("x",P$60)-1))=VALUE(MID(P$60,FIND("x",P$60)+1,99)),1,2),0),0))),IF(OR(Q49="",Q$60=""),0,IF(Q49=Q$60,5,IFERROR(IF(SIGN(VALUE(LEFT(Q49,FIND("x",Q49)-1))-VALUE(MID(Q49,FIND("x",Q49)+1,99)))=SIGN(VALUE(LEFT(Q$60,FIND("x",Q$60)-1))-VALUE(MID(Q$60,FIND("x",Q$60)+1,99))),IF(VALUE(LEFT(Q$60,FIND("x",Q$60)-1))=VALUE(MID(Q$60,FIND("x",Q$60)+1,99)),1,2),0),0))),IF(OR(R49="",R$60=""),0,IF(R49=R$60,5,IFERROR(IF(SIGN(VALUE(LEFT(R49,FIND("x",R49)-1))-VALUE(MID(R49,FIND("x",R49)+1,99)))=SIGN(VALUE(LEFT(R$60,FIND("x",R$60)-1))-VALUE(MID(R$60,FIND("x",R$60)+1,99))),IF(VALUE(LEFT(R$60,FIND("x",R$60)-1))=VALUE(MID(R$60,FIND("x",R$60)+1,99)),1,2),0),0))),IF(OR(S49="",S$60=""),0,IF(S49=S$60,5,IFERROR(IF(SIGN(VALUE(LEFT(S49,FIND("x",S49)-1))-VALUE(MID(S49,FIND("x",S49)+1,99)))=SIGN(VALUE(LEFT(S$60,FIND("x",S$60)-1))-VALUE(MID(S$60,FIND("x",S$60)+1,99))),IF(VALUE(LEFT(S$60,FIND("x",S$60)-1))=VALUE(MID(S$60,FIND("x",S$60)+1,99)),1,2),0),0))))&" ("&SUM(IF(AND(P49<>"",P49=P$60),1,0),IF(AND(Q49<>"",Q49=Q$60),1,0),IF(AND(R49<>"",R49=R$60),1,0),IF(AND(S49<>"",S49=S$60),1,0))&")")
A50: Bernardo | F50: =IF(COUNTA(B50:E50)=0,"",SUM(IF(OR(B50="",B$60=""),0,IF(B50=B$60,5,IFERROR(IF(SIGN(VALUE(LEFT(B50,FIND("x",B50)-1))-VALUE(MID(B50,FIND("x",B50)+1,99)))=SIGN(VALUE(LEFT(B$60,FIND("x",B$60)-1))-VALUE(MID(B$60,FIND("x",B$60)+1,99))),IF(VALUE(LEFT(B$60,FIND("x",B$60)-1))=VALUE(MID(B$60,FIND("x",B$60)+1,99)),1,2),0),0))),IF(OR(C50="",C$60=""),0,IF(C50=C$60,5,IFERROR(IF(SIGN(VALUE(LEFT(C50,FIND("x",C50)-1))-VALUE(MID(C50,FIND("x",C50)+1,99)))=SIGN(VALUE(LEFT(C$60,FIND("x",C$60)-1))-VALUE(MID(C$60,FIND("x",C$60)+1,99))),IF(VALUE(LEFT(C$60,FIND("x",C$60)-1))=VALUE(MID(C$60,FIND("x",C$60)+1,99)),1,2),0),0))),IF(OR(D50="",D$60=""),0,IF(D50=D$60,5,IFERROR(IF(SIGN(VALUE(LEFT(D50,FIND("x",D50)-1))-VALUE(MID(D50,FIND("x",D50)+1,99)))=SIGN(VALUE(LEFT(D$60,FIND("x",D$60)-1))-VALUE(MID(D$60,FIND("x",D$60)+1,99))),IF(VALUE(LEFT(D$60,FIND("x",D$60)-1))=VALUE(MID(D$60,FIND("x",D$60)+1,99)),1,2),0),0))),IF(OR(E50="",E$60=""),0,IF(E50=E$60,5,IFERROR(IF(SIGN(VALUE(LEFT(E50,FIND("x",E50)-1))-VALUE(MID(E50,FIND("x",E50)+1,99)))=SIGN(VALUE(LEFT(E$60,FIND("x",E$60)-1))-VALUE(MID(E$60,FIND("x",E$60)+1,99))),IF(VALUE(LEFT(E$60,FIND("x",E$60)-1))=VALUE(MID(E$60,FIND("x",E$60)+1,99)),1,2),0),0))))&" ("&SUM(IF(AND(B50<>"",B50=B$60),1,0),IF(AND(C50<>"",C50=C$60),1,0),IF(AND(D50<>"",D50=D$60),1,0),IF(AND(E50<>"",E50=E$60),1,0))&")") | H50: Bernardo | M50: =IF(COUNTA(I50:L50)=0,"",SUM(IF(OR(I50="",I$60=""),0,IF(I50=I$60,5,IFERROR(IF(SIGN(VALUE(LEFT(I50,FIND("x",I50)-1))-VALUE(MID(I50,FIND("x",I50)+1,99)))=SIGN(VALUE(LEFT(I$60,FIND("x",I$60)-1))-VALUE(MID(I$60,FIND("x",I$60)+1,99))),IF(VALUE(LEFT(I$60,FIND("x",I$60)-1))=VALUE(MID(I$60,FIND("x",I$60)+1,99)),1,2),0),0))),IF(OR(J50="",J$60=""),0,IF(J50=J$60,5,IFERROR(IF(SIGN(VALUE(LEFT(J50,FIND("x",J50)-1))-VALUE(MID(J50,FIND("x",J50)+1,99)))=SIGN(VALUE(LEFT(J$60,FIND("x",J$60)-1))-VALUE(MID(J$60,FIND("x",J$60)+1,99))),IF(VALUE(LEFT(J$60,FIND("x",J$60)-1))=VALUE(MID(J$60,FIND("x",J$60)+1,99)),1,2),0),0))),IF(OR(K50="",K$60=""),0,IF(K50=K$60,5,IFERROR(IF(SIGN(VALUE(LEFT(K50,FIND("x",K50)-1))-VALUE(MID(K50,FIND("x",K50)+1,99)))=SIGN(VALUE(LEFT(K$60,FIND("x",K$60)-1))-VALUE(MID(K$60,FIND("x",K$60)+1,99))),IF(VALUE(LEFT(K$60,FIND("x",K$60)-1))=VALUE(MID(K$60,FIND("x",K$60)+1,99)),1,2),0),0))),IF(OR(L50="",L$60=""),0,IF(L50=L$60,5,IFERROR(IF(SIGN(VALUE(LEFT(L50,FIND("x",L50)-1))-VALUE(MID(L50,FIND("x",L50)+1,99)))=SIGN(VALUE(LEFT(L$60,FIND("x",L$60)-1))-VALUE(MID(L$60,FIND("x",L$60)+1,99))),IF(VALUE(LEFT(L$60,FIND("x",L$60)-1))=VALUE(MID(L$60,FIND("x",L$60)+1,99)),1,2),0),0))))&" ("&SUM(IF(AND(I50<>"",I50=I$60),1,0),IF(AND(J50<>"",J50=J$60),1,0),IF(AND(K50<>"",K50=K$60),1,0),IF(AND(L50<>"",L50=L$60),1,0))&")") | O50: Bernardo | T50: =IF(COUNTA(P50:S50)=0,"",SUM(IF(OR(P50="",P$60=""),0,IF(P50=P$60,5,IFERROR(IF(SIGN(VALUE(LEFT(P50,FIND("x",P50)-1))-VALUE(MID(P50,FIND("x",P50)+1,99)))=SIGN(VALUE(LEFT(P$60,FIND("x",P$60)-1))-VALUE(MID(P$60,FIND("x",P$60)+1,99))),IF(VALUE(LEFT(P$60,FIND("x",P$60)-1))=VALUE(MID(P$60,FIND("x",P$60)+1,99)),1,2),0),0))),IF(OR(Q50="",Q$60=""),0,IF(Q50=Q$60,5,IFERROR(IF(SIGN(VALUE(LEFT(Q50,FIND("x",Q50)-1))-VALUE(MID(Q50,FIND("x",Q50)+1,99)))=SIGN(VALUE(LEFT(Q$60,FIND("x",Q$60)-1))-VALUE(MID(Q$60,FIND("x",Q$60)+1,99))),IF(VALUE(LEFT(Q$60,FIND("x",Q$60)-1))=VALUE(MID(Q$60,FIND("x",Q$60)+1,99)),1,2),0),0))),IF(OR(R50="",R$60=""),0,IF(R50=R$60,5,IFERROR(IF(SIGN(VALUE(LEFT(R50,FIND("x",R50)-1))-VALUE(MID(R50,FIND("x",R50)+1,99)))=SIGN(VALUE(LEFT(R$60,FIND("x",R$60)-1))-VALUE(MID(R$60,FIND("x",R$60)+1,99))),IF(VALUE(LEFT(R$60,FIND("x",R$60)-1))=VALUE(MID(R$60,FIND("x",R$60)+1,99)),1,2),0),0))),IF(OR(S50="",S$60=""),0,IF(S50=S$60,5,IFERROR(IF(SIGN(VALUE(LEFT(S50,FIND("x",S50)-1))-VALUE(MID(S50,FIND("x",S50)+1,99)))=SIGN(VALUE(LEFT(S$60,FIND("x",S$60)-1))-VALUE(MID(S$60,FIND("x",S$60)+1,99))),IF(VALUE(LEFT(S$60,FIND("x",S$60)-1))=VALUE(MID(S$60,FIND("x",S$60)+1,99)),1,2),0),0))))&" ("&SUM(IF(AND(P50<>"",P50=P$60),1,0),IF(AND(Q50<>"",Q50=Q$60),1,0),IF(AND(R50<>"",R50=R$60),1,0),IF(AND(S50<>"",S50=S$60),1,0))&")")
